Compound,Date,Negative,Neutral,Positive,Source Account,Text
-0.296,2018-06-28 19:05:04+00:00,0.099,0.901,0.0,@BBC,Tesla chief executive Elon Musk has been accused of using an image of a farting unicorn for his business without pe‚Ä¶ https://t.co/kbq6rFYcrM
0.0,2018-06-28 18:02:05+00:00,0.0,1.0,0.0,@BBC,Can changing your body change your life? https://t.co/be3u67fFFS
0.4696,2018-06-28 16:13:35+00:00,0.0,0.861,0.139,@BBC,RT @bbcthree: Housemates who never take the bins out? A girlfriend who keeps forgetting your name? Let Uncle @RomeshRanga help https://t.co‚Ä¶
-0.128,2018-06-28 16:00:25+00:00,0.133,0.753,0.115,@BBC,"Half of all people who drown never intended to be in the water.

Knowing this could save a life üëá https://t.co/94IezeCREn"
0.0,2018-06-28 15:52:28+00:00,0.0,1.0,0.0,@BBC,"RT @BBC6Music: If you could pick just one Erykah Badu (@fatbellybella) tune, which would you choose?

Here's @JanelleMonae on one - maybe t‚Ä¶"
0.4963,2018-06-28 15:22:37+00:00,0.052,0.761,0.188,@BBC,"RT @BBCR1: TONIGHT Elton John (@eltonofficial) picks the Party Playlist for @AnnieMac - you don't want to miss this! Expect Aretha, Rihanna‚Ä¶"
0.6369,2018-06-28 13:00:23+00:00,0.09,0.676,0.234,@BBC,"Narcissists might be irritating attention seekers - but they are also *annoyingly* likely to be successful, accordi‚Ä¶ https://t.co/yguYXaIv0d"
0.4389,2018-06-28 12:02:08+00:00,0.0,0.838,0.162,@BBC,üò≤ Raghda Ezzeldin can hold her breath under water for more than five minutes! https://t.co/x8hOifrjWI
-0.3818,2018-06-28 11:47:05+00:00,0.115,0.885,0.0,@BBC,"RT @BBCNews: Prince William is expected to visit his great-grandmother's grave in Jerusalem.

She was Princess Alice of Greece, who helped‚Ä¶"
0.0,2018-06-28 11:16:03+00:00,0.0,1.0,0.0,@BBC,ü¶î A hedgehog which it is thought could be the world's fattest has been placed on a strict diet and exercise regime.‚Ä¶ https://t.co/351IQDFz3F
0.1531,2018-06-28 10:12:00+00:00,0.0,0.833,0.167,@BBC,"Plastic. It‚Äôs durable, dependable and virtually indestructible.

#PlasticsAction https://t.co/4wNNoNfvPt"
0.0,2018-06-28 08:01:07+00:00,0.0,1.0,0.0,@BBC,Minimalism is not just about having few possessions. https://t.co/0rRvrVm6Sz
-0.5994,2018-06-28 07:25:04+00:00,0.17,0.83,0.0,@BBC,"What would happen if we knew when and how we were going to die?
üëâ https://t.co/S0q9fwOYBs https://t.co/tLLJOAjuZX"
0.5106,2018-06-28 07:01:02+00:00,0.0,0.777,0.223,@BBC,"How do you convince millions of people living off-grid in India to embrace solar power?
#BBCTakingTheTemperature https://t.co/VmIq95ebZb"
-0.7351,2018-06-27 20:01:05+00:00,0.267,0.733,0.0,@BBC,"A raw and unfiltered insight into the bloodiest conflict since the Second World War.

Storyville: This is Congo | 1‚Ä¶ https://t.co/8biUiR6fAI"
0.4404,2018-06-27 19:02:01+00:00,0.121,0.637,0.242,@BBC,"üòÇ  @Cher's ""criminal"" past is üò≥...
#TheGNShow https://t.co/O3bSFbOaO9"
0.0,2018-06-27 18:00:25+00:00,0.0,1.0,0.0,@BBC,üéß Can you believe DJ Switch only started DJ-ing a year ago? https://t.co/b5CY3vEX7Q
-0.4215,2018-06-27 16:04:05+00:00,0.259,0.741,0.0,@BBC,Something deadly lies beneath the ice in Iceland... https://t.co/IqWwmtfTkk
0.0,2018-06-27 15:09:27+00:00,0.0,1.0,0.0,@BBC,"üï∫ *Knight Fever* 

Bee Gee Sir Barry Gibb paid tribute to his late brothers as he collected his knighthood on Tuesd‚Ä¶ https://t.co/LLIHYKRfhR"
0.0,2018-06-27 14:42:13+00:00,0.0,1.0,0.0,@BBC,RT @bbccomedy: Some writing advice from an expert... #NationalWritingDay @RealMattLucas @davidwalliams https://t.co/lz2MQzpvKY
0.0,2018-06-27 13:05:07+00:00,0.0,1.0,0.0,@BBC,"French butchers have written to the government asking for protection against militant vegans.
üëâ‚Ä¶ https://t.co/6pgMQ46tUR"
-0.5106,2018-06-27 11:52:00+00:00,0.35,0.65,0.0,@BBC,‚òïÔ∏è How a simple change is cutting coffee cup waste https://t.co/kkbcSZvFn3
0.9403,2018-06-27 11:39:52+00:00,0.0,0.536,0.464,@BBC,"RT @BBCBreakfast: Dear Summer, ‚òÄÔ∏è
We're enjoying this lovely weather. Can you stay?
Lots of love - The entire UK x
#heatwave https://t.co/g‚Ä¶"
0.0,2018-06-27 11:03:04+00:00,0.0,1.0,0.0,@BBC,"ü¶îüßô Did you know people used to think hedgehogs were witches?

Here are nine things you might not know about the hum‚Ä¶ https://t.co/Wj7a5idS4m"
0.0,2018-06-27 09:30:20+00:00,0.0,1.0,0.0,@BBC,"üòê This is what happens when you hire an arts and crafts teacher to freshen up a 16th-Century wooden sculpture.
üëâ‚Ä¶ https://t.co/qVNcgsGM8C"
0.6114,2018-06-27 08:47:40+00:00,0.05,0.756,0.194,@BBC,RT @BBCArchive: Computer geeks - this is your lucky day! You can now watch all 146 original programmes and run 161 programs from the 1980s‚Ä¶
0.0,2018-06-27 08:01:05+00:00,0.0,1.0,0.0,@BBC,üëü @MumsnetTowers founder @Justine_Roberts on why you should always wear trainers to work. https://t.co/FgTPRo5Agm
0.5106,2018-06-27 07:29:04+00:00,0.047,0.809,0.145,@BBC,"üò¥ The colour cyan - between green and blue - is a hidden factor in encouraging or preventing sleep, according to bi‚Ä¶ https://t.co/HogBXzm2Y5"
0.4939,2018-06-27 07:01:05+00:00,0.0,0.856,0.144,@BBC,Inside the community where people with learning disabilities and the people who care for them live and work togethe‚Ä¶ https://t.co/LurfYqtc84
0.0,2018-06-26 21:20:15+00:00,0.0,1.0,0.0,@BBC,"RT @BBC6Music: Did @kanyewest and @theweeknd ""blatantly"" rip off @nineinchnails' live show?

Weds, Noon BST: Nine Inch Nails' @trent_reznor‚Ä¶"
0.0,2018-06-26 19:05:08+00:00,0.0,1.0,0.0,@BBC,"üòéüî•üç¶ Hot temperatures in the UK are expected to last until the weekend.
üëâ https://t.co/ZhZVaKJuqf

#HeatwaveUK https://t.co/smTw2ule2v"
0.296,2018-06-26 18:03:06+00:00,0.074,0.792,0.134,@BBC,"Tonight, @itsanitarani and @bbcnickrobinson ask tough questions about the NHS in a special live event. 

 NHS at 70‚Ä¶ https://t.co/Wu4ECf7qic"
0.0,2018-06-26 17:02:02+00:00,0.0,1.0,0.0,@BBC,How would you feel if the builder only made you half a house? https://t.co/yaWB0USzex
0.0,2018-06-26 16:33:41+00:00,0.0,1.0,0.0,@BBC,"RT @bbcwritersroom: Tomorrow, Wednesday 27th June is #NationalWritingDay! @writeday

As part of the events we're running a live Twitter Q&amp;A‚Ä¶"
0.0,2018-06-26 16:00:15+00:00,0.0,1.0,0.0,@BBC,üçÖ You can grow tomatoes in Iceland?!   https://t.co/ndmcf1SL8y
0.0,2018-06-26 14:52:03+00:00,0.0,1.0,0.0,@BBC,"RT @BBCWales: #ToProvideAllPeople: A star-studded film written by @OwenSheers to mark #NHS70.

Starring @MichaelSheen, @TeamEveMyles, @Pack‚Ä¶"
0.836,2018-06-26 14:32:33+00:00,0.0,0.683,0.317,@BBC,"RT @BBCRadio2: To celebrate the anniversary of 1988's second Summer of Love, @djgarydavies, @ZoeTheBall, and @MsAnaMatronic are heading to‚Ä¶"
0.6114,2018-06-26 13:12:16+00:00,0.0,0.818,0.182,@BBC,"RT @BBCR1: Happy Birthday, @ArianaGrande! üéà‚ú®

Here's a throwback to her offering some 10/10 relationship advice to callers on @R1Breakfast‚Ä¶"
0.0,2018-06-26 12:58:04+00:00,0.0,1.0,0.0,@BBC,"üöÑüòΩüéÄ Japan has unveiled a pink bullet train themed around the cartoon character #HelloKitty.
üëâ‚Ä¶ https://t.co/uPA1cevSHt"
0.5267,2018-06-26 12:02:04+00:00,0.0,0.673,0.327,@BBC,"Activist
Poet
Director
Actor
Writer...

...and inspiration https://t.co/oOpo1fJV5K"
0.0,2018-06-26 11:02:03+00:00,0.0,1.0,0.0,@BBC,"üçïüíê Would you say 'I dough' to this pizza bouquet?
üëâ https://t.co/HqnBOtPZlN https://t.co/BJqFMcpWKv"
0.0,2018-06-26 09:30:00+00:00,0.0,1.0,0.0,@BBC,"üåç‚ôªÔ∏èüí•üëä
What will your #PlasticsAction be? https://t.co/QQ1ZBgNyZN"
-0.2732,2018-06-26 08:00:16+00:00,0.139,0.861,0.0,@BBC,Turns out you're biased in all sorts of ways you may not realise. https://t.co/yZ0ziOfX2L
-0.7717,2018-06-26 07:26:08+00:00,0.295,0.705,0.0,@BBC,"Seabirds are starving to death on the remote Lord Howe Island, a crew filming for the @BBCOne documentary‚Ä¶ https://t.co/XHDOBZn5Yb"
0.5994,2018-06-26 07:00:12+00:00,0.0,0.769,0.231,@BBC,üíï Julie is the childcare champion in the heart of the Gorbals. https://t.co/LcdEhzyTBG
0.5859,2018-06-25 18:03:04+00:00,0.0,0.696,0.304,@BBC,‚ú® These women are ditching their straighteners and embracing their natural hair. https://t.co/BTgEiHth2E
0.0,2018-06-25 17:31:08+00:00,0.0,1.0,0.0,@BBC,Two teams of junior doctors from teaching hospitals around Britain go head to head in a medical-themed quiz show. üè•‚Ä¶ https://t.co/1z99Ax1RcK
0.2732,2018-06-25 16:02:03+00:00,0.0,0.769,0.231,@BBC,"üôåüòÇ Well, that escalated quickly.
#HearHer #LiveAtTheApollo  https://t.co/4Bfa81zCSI"
-0.5524,2018-06-25 15:01:34+00:00,0.229,0.771,0.0,@BBC,RT @BBCTwo: SO much tension between Louis and the Queen! üò¨üëëüá´üá∑ #Versailles https://t.co/mT2tDG3Hen
0.3182,2018-06-25 14:57:32+00:00,0.0,0.839,0.161,@BBC,RT @BBCTwo: brb just gonna pop inside for some fresh air... ‚òÄÔ∏èüò∞ https://t.co/rlTBirEDF2
0.5423,2018-06-25 13:48:41+00:00,0.0,0.842,0.158,@BBC,"RT @bbcarts: If you‚Äôre from the North this will make you well up with pride. ‚ù§Ô∏è
@lemnsissay delivers an impassioned reading of the poem he‚Ä¶"
0.636,2018-06-25 13:03:07+00:00,0.0,0.656,0.344,@BBC,"üê∂üòç They're all beautiful in our eyes! 
#WorldsUgliestDog https://t.co/qrQgVqtwt4"
0.5719,2018-06-25 12:04:05+00:00,0.0,0.802,0.198,@BBC,üôåüí™ @ChelseaClinton says it's time we rethink gender stereotypes and work harder to celebrate women. https://t.co/xgejAk33oK
0.34,2018-06-25 11:01:03+00:00,0.104,0.741,0.156,@BBC,"üìñ‚ú®üå≤ From the Forbidden Forest at Hogwarts to Pooh's Hundred Acre Wood, here are six magical forests we love from ch‚Ä¶ https://t.co/hCU6am8R3o"
0.0,2018-06-25 10:12:49+00:00,0.0,1.0,0.0,@BBC,"üåã Lava from Hawaii's Kilauea volcano creeps closer to more homes. 
 https://t.co/NfFXiwtVy7"
-0.4215,2018-06-25 08:03:05+00:00,0.128,0.872,0.0,@BBC,This headteacher is budgeting to buy hygiene products for pupils as she's found some parents are struggling to affo‚Ä¶ https://t.co/Bm4PrQ8ucC
0.0,2018-06-25 07:26:06+00:00,0.0,1.0,0.0,@BBC,"ü§ñ What does it mean for AI to have a soul?
üëâ https://t.co/OkxIzH9cA2 https://t.co/XcEYkoIbst"
-0.6486,2018-06-25 07:00:13+00:00,0.301,0.699,0.0,@BBC,Should we bring the woolly mammoth back from the dead? https://t.co/PASQyyoCXW
0.0,2018-06-24 19:03:02+00:00,0.0,1.0,0.0,@BBC,"Follow the inner workings of @nytimes, one of the most prolific American media outlets, during the first 12 months‚Ä¶ https://t.co/sTcKSPw5QW"
-0.5574,2018-06-24 18:32:03+00:00,0.153,0.847,0.0,@BBC,üöó üá∏üá¶ Women in Saudi Arabia are hitting the road as the country's ban on women driving officially ends. https://t.co/RLv1njCk5t
0.5994,2018-06-24 18:10:27+00:00,0.0,0.755,0.245,@BBC,"RT @BBCWthrWatchers: Beautiful ""night shining"" clouds, captured by our Weather Watchers #NoctilucentClouds https://t.co/FE9F3YQ3Kd"
-0.5267,2018-06-24 18:04:04+00:00,0.195,0.805,0.0,@BBC,"This. Will. Hurt.

@IdrisElba returns as the inimitable DCI #Luther. Coming soon to @BBCOne. https://t.co/AOmhtLjldy"
0.6705,2018-06-24 17:08:05+00:00,0.078,0.658,0.263,@BBC,"43% of female festival goers under 40 say they've faced unwanted sexual behaviour at a music festival, a new survey‚Ä¶ https://t.co/Wd5gcaHCgH"
0.0,2018-06-24 16:02:06+00:00,0.106,0.787,0.106,@BBC,"Imagine waking up one morning and you've lost the ability to speak or move your hands.
(via @BBCThree) https://t.co/M8IJVGSoE7"
0.0,2018-06-24 15:18:03+00:00,0.0,1.0,0.0,@BBC,"In the aftermath of Hurricane Maria, Michelin-starred @chefjoseandres managed to feed more Puerto Ricans than any g‚Ä¶ https://t.co/HHjrHbsIb8"
0.5859,2018-06-24 14:29:47+00:00,0.0,0.888,0.112,@BBC,"RT @BBCMOTD: #ENG win 6-1 ‚úÖ
On a Sunday ‚úÖ
In the Sun ‚úÖ

Live scenes across England right now ‚òÄüéâ

#ENGPAN https://t.co/pOqaVykdHG"
0.0,2018-06-24 14:20:08+00:00,0.0,1.0,0.0,@BBC,"‚ù§Ô∏èüíç Game of Thrones stars, Rose Leslie and Kit Harington have tied the knot at a ceremony in Aberdeenshire.
üëâ‚Ä¶ https://t.co/VzvDpNHgRO"
-0.4215,2018-06-24 13:03:02+00:00,0.135,0.865,0.0,@BBC,"üíîü¶ç Koko the gorilla sadly passed away this week, aged 46.

This is the story of her life. https://t.co/rIRb7mHpJx"
0.0,2018-06-24 12:02:03+00:00,0.0,1.0,0.0,@BBC,üêõ Did you know there's a whole world on the back of a sloth?  https://t.co/wRWmXa7j4R
0.8268,2018-06-24 11:04:03+00:00,0.0,0.688,0.312,@BBC,"ü•ëü•ïüåû These summery vegan dishes are perfect for when it's hot (and still delicious when it's not!) 

üëâ‚Ä¶ https://t.co/n8Nra5f9Jl"
0.2942,2018-06-24 10:52:39+00:00,0.0,0.897,0.103,@BBC,"RT @BBCWorld: ""At last!""

Saudi Arabia becomes the last country in the world to allow women to drive. https://t.co/vfOqNTBk9o https://t.co/‚Ä¶"
0.3612,2018-06-24 10:03:02+00:00,0.0,0.783,0.217,@BBC,"Getting ready for #ENG v #PAN like... Ô∏è‚öΩÔ∏èüèÜüí™ @JKCorden #WorldCup 

https://t.co/EbID4RxLuE"
0.6269,2018-06-24 09:33:12+00:00,0.0,0.745,0.255,@BBC,"RT @BBC6Music: Ah, it seems so peaceful @GlastoFest this weekend. (via @bbcsomerset)  https://t.co/JzF0sbDEEh"
0.34,2018-06-24 09:04:05+00:00,0.0,0.882,0.118,@BBC,"Today, England play their first ever match against #WorldCup debutants Panama. ü¶Åü¶Åü¶Å

World Cup 2018: #ENG v #PAN | 1‚Ä¶ https://t.co/rZLcc8qfZ8"
0.0,2018-06-24 08:37:50+00:00,0.0,1.0,0.0,@BBC,"RT @BBCWorld: New Zealand's PM reveals her daughter's name as she leaves hospital in Auckland üë∂üá≥üáø

https://t.co/5E751apfOg https://t.co/Zt7‚Ä¶"
0.0,2018-06-24 08:20:08+00:00,0.0,1.0,0.0,@BBC,"What's happened since #BluePlanet2 first aired and what does Sir David Attenborough think about the response?
üëâ‚Ä¶ https://t.co/Qo4Nu3wQHT"
0.3182,2018-06-24 07:01:05+00:00,0.24,0.413,0.347,@BBC,"‚öΩÔ∏è‚ù§Ô∏è I. Bloody. Love. Football. 
#WorldCup https://t.co/vrmHGAfFYY"
0.0,2018-06-23 20:12:00+00:00,0.0,1.0,0.0,@BBC,"Over the last 50 years, the flesh-footed shearwater population has dropped by 30%.

Plastic is a major cause of the‚Ä¶ https://t.co/KwcWT38E6F"
0.0,2018-06-23 19:02:02+00:00,0.0,1.0,0.0,@BBC,"Live coverage of England's clash with New Zealand in Colorado, USA. üèâ

Rugby League: New Zealand v England | 9pm |‚Ä¶ https://t.co/gNfWK4lAsg"
0.5719,2018-06-23 17:06:01+00:00,0.0,0.821,0.179,@BBC,‚òÄÔ∏èüôå Thousands of people gathered at Stonehenge this week to watch the sunrise and celebrate the #SummerSolstice. https://t.co/f0PA5HYgRK
0.7412,2018-06-23 16:02:02+00:00,0.0,0.614,0.386,@BBC,"‚öΩüêù Goal!!!
These clever bumblebees have been taught to play football. https://t.co/00fEPKxEYQ"
0.4019,2018-06-23 15:00:27+00:00,0.0,0.847,0.153,@BBC,"üì±‚ôøÔ∏è This 13-year-old made an app to help disabled people find accessible services. 
(via @BBCThree) https://t.co/EkjrhQOFi3"
0.0,2018-06-23 14:02:01+00:00,0.0,1.0,0.0,@BBC,"Unlocking the hidden life of Frida Kahlo.
üëâ https://t.co/g8KqGCs5JX https://t.co/SyRnFXRvNQ"
0.0,2018-06-23 12:57:05+00:00,0.0,1.0,0.0,@BBC,"üé∂üé§Meet the stockbroker who writes hits for @LittleMix and @JessGlynne 

https://t.co/zYl0M4CHcj https://t.co/s8HYxwiDKr"
0.0,2018-06-23 12:00:16+00:00,0.0,1.0,0.0,@BBC,"üé∂ SOUND ON üé∂ 
Below the big blue there is green! üíö
#OurBluePlanet w/ @OceanX https://t.co/E46jJvtmrN"
0.0,2018-06-23 11:01:06+00:00,0.0,1.0,0.0,@BBC,"Faced with extreme weather, Bolivian farmers are going underground.
#BBCTakingTheTemperature https://t.co/ocATWI0jPL"
0.0,2018-06-23 10:02:04+00:00,0.143,0.675,0.183,@BBC,"The ban on microbeads in certain products has begun in England and Scotland.

Here are some natural alternatives so‚Ä¶ https://t.co/vqESNyr5qD"
0.0,2018-06-23 09:01:05+00:00,0.0,1.0,0.0,@BBC,"üòçüêø Baby squirrels grow up so fast! 
#SuperSquirrels https://t.co/NzSE4lUIC8"
0.2732,2018-06-23 07:59:02+00:00,0.0,0.86,0.14,@BBC,There has been a significant fall in the number of cases of HPV following the introduction of a vaccine for young w‚Ä¶ https://t.co/19trkIMZ91
0.0,2018-06-23 07:22:00+00:00,0.0,1.0,0.0,@BBC,"‚ôªÔ∏èüåçSmall actions can make a big difference. 
#PlasticsAction

https://t.co/AWXUYNJ4e3 https://t.co/9Khy2bq19Z"
0.6369,2018-06-22 19:11:28+00:00,0.0,0.741,0.259,@BBC,"RT @BBCBreakfast: So many reasons to love¬†the #NorthEast of #England.
#Inventions https://t.co/xVseuMG347"
0.25,2018-06-22 19:11:15+00:00,0.0,0.913,0.087,@BBC,"RT @bbcworldservice: Born without a jaw, Isaiah Acosta has never spoken a word, yet he‚Äôs gone on to fulfil his dream of becoming a rapper.‚Ä¶"
0.0,2018-06-22 19:10:41+00:00,0.0,1.0,0.0,@BBC,"RT @bbcstories: Today marks 70 years since the arrival of Caribbean migrants on the Empire Windrush ship to the UK.

 Back in 2018, how has‚Ä¶"
0.7518,2018-06-22 19:10:14+00:00,0.0,0.735,0.265,@BBC,RT @BBCTwo: How long would it take you to demolish this AMAZING burger? üçîüòµ #MillionPoundMenu https://t.co/KH8VHK2rE6
0.3612,2018-06-22 19:09:53+00:00,0.0,0.902,0.098,@BBC,"RT @BBCFOUR: With over 10,000 credits, Carol Kaye is one of the most prolific bassists of all time ‚Äì and her bragging rights are *amazing*.‚Ä¶"
0.4215,2018-06-22 19:04:06+00:00,0.0,0.865,0.135,@BBC,"‚ù§Ô∏èüêø Meet the sabre-toothed squirrel whose life was saved by an amateur dentist.
üëâ https://t.co/C6gXwp7Yke https://t.co/fp3vGzEW5S"
-0.3182,2018-06-22 18:01:05+00:00,0.15,0.85,0.0,@BBC,"üòÇüëõ Everyone has that one mate who always loses their purse... 
#HearHer #LiveAtTheApollo https://t.co/DinViMhGVm"
0.0,2018-06-22 17:00:21+00:00,0.0,1.0,0.0,@BBC,üêæüê∂üíï Would you give a deaf dog a home? https://t.co/sjbsjOEzqT
0.0,2018-06-22 16:01:00+00:00,0.0,1.0,0.0,@BBC,"When the weekend's so close you can almost touch it...  üôå #FridayFeeling
 @Camila_Cabello https://t.co/eosSiBxZft"
0.0,2018-06-22 13:02:03+00:00,0.0,1.0,0.0,@BBC,"üòÇüé§ Hello, it's literally me... 
#HearHer https://t.co/7XMLDQMR3B"
0.0,2018-06-27 20:31:32+00:00,0.0,1.0,0.0,@CBS,What‚Äôs summer without @CBSBigBrother? ‚òÄÔ∏è RT if you‚Äôre counting down the hours to the #BB20 premiere TONIGHT at 8/7c‚Ä¶ https://t.co/Xp1s4Fp5J8
0.7574,2018-06-27 14:00:01+00:00,0.0,0.711,0.289,@CBS,"It looks like you...

(‚Ä¢_‚Ä¢)
( ‚Ä¢_‚Ä¢)&gt;‚åê‚ñ†-‚ñ†
(‚åê‚ñ†_‚ñ†)

Have a lot of TV to watch!

Celebrate #NationalSunglassesDay with H‚Ä¶ https://t.co/Babt4ajIgV"
0.5574,2018-06-25 18:20:25+00:00,0.0,0.796,0.204,@CBS,The world will finally know the truth. ‚òÑÔ∏è Make sure to tune in to the heart-pounding Season 2 premiere of‚Ä¶ https://t.co/mqMleW90DY
0.1867,2018-06-22 21:19:06+00:00,0.0,0.902,0.098,@CBS,Tonight's the night! Don't miss model @ashleygraham on the season finale of Celebrity @undercover_cbs at 8/7c. https://t.co/iBxAOcOF7a
0.4199,2018-06-22 18:33:53+00:00,0.0,0.811,0.189,@CBS,"Every day is #TakeYourDogToWorkDay for shows like @HawaiiFive0CBS, @MomCBS, @SEALTeamCBS, and @bigbangtheory! https://t.co/DJaOt1VQcw"
0.4926,2018-06-21 23:29:50+00:00,0.0,0.803,0.197,@CBS,"Lights, camera, selfie! üì∏¬†Could there be a better photo for #NationalSelfieDay? https://t.co/14Ewx64yKC"
0.3555,2018-06-20 00:39:01+00:00,0.122,0.68,0.199,@CBS,There‚Äôs nothing quite like watching a contestant win a brand new car on @PriceIsRight. üëè  https://t.co/aKlFikYAMM
0.0,2018-06-18 20:27:50+00:00,0.0,1.0,0.0,@CBS,Time to make your predictions for #BB20! üëè Get to know the @CBSBigBrother Houseguests before the big premiere next‚Ä¶ https://t.co/jlpIchJ9sk
0.0,2018-06-18 15:00:46+00:00,0.0,1.0,0.0,@CBS,RT @CBSBigBrother: Meet the cast of #BB20... before anyone else! Start streaming all their live interviews beginning at 11am EST/8am PST on‚Ä¶
0.9392,2018-06-17 13:00:01+00:00,0.0,0.507,0.493,@CBS,"Today and every day we celebrate their love, guidance, and support. Happy #FathersDay to every kind of dad! https://t.co/Wffax1khBH"
0.3595,2018-06-15 18:48:29+00:00,0.0,0.872,0.128,@CBS,"Casting Alert! @paulwesley, @DaniaJRamirez &amp; @JamesWolk are set to star in the upcoming CBS All Access psychologica‚Ä¶ https://t.co/JnZMrzT92n"
-0.296,2018-06-14 17:30:00+00:00,0.167,0.833,0.0,@CBS,"In case you missed it, watch the entire #TonyAwards now: https://t.co/Bm0yNV3Ff3 https://t.co/h3YnFkmSQJ"
0.1779,2018-06-14 16:19:32+00:00,0.12,0.734,0.147,@CBS,RT @StrangeAngel: Mastermind or maniac? Explore the brilliant mind of Jack Parsons in #StrangeAngel. Now streaming on CBS All Access: https‚Ä¶
-0.5562,2018-06-12 00:19:23+00:00,0.315,0.551,0.134,@CBS,"No pain, no gain, ALL Hart! Just one month until the premiere of @TKOCBS hosted by @KevinHart4real. https://t.co/C1yMCglxVn"
0.5093,2018-06-11 22:23:06+00:00,0.0,0.829,0.171,@CBS,"RT @TheNeighborhood: Welcome to #TheNeighborhood, @BethBehrs! The @2BrokeGirls star returns to @CBS in a new sitcom alongside @CedEntertain‚Ä¶"
-0.296,2018-06-11 19:01:38+00:00,0.167,0.833,0.0,@CBS,"In case you missed it, watch the entire #TonyAwards now: https://t.co/Bm0yNV3Ff3 https://t.co/3GA5otlcPa"
0.0,2018-06-11 14:00:37+00:00,0.0,1.0,0.0,@CBS,How do you know @SaraBareilles and @joshgroban's music? #TonyAwards https://t.co/POMXBORfUT
0.0,2018-06-11 06:19:36+00:00,0.0,1.0,0.0,@CBS,Here are all the performances from the 2018 #TonyAwards: https://t.co/gN4ItpFlRd https://t.co/fSMNBXKC9r
0.4767,2018-06-11 06:04:41+00:00,0.0,0.78,0.22,@CBS,See the complete list of winners from the 2018 #TonyAwards: https://t.co/9XK6CGeber https://t.co/HkUIN4Quej
0.8478,2018-06-11 03:10:33+00:00,0.0,0.594,0.406,@CBS,An end to a magical evening. The Band's Visit wins for Best Musical! #TonyAwards https://t.co/ODza97n8YH
0.92,2018-06-11 03:02:06+00:00,0.0,0.537,0.463,@CBS,Congratulations are in order for @TheKatrinaLenk! She just won for Best Leading Actress in a Musical. #TonyAwards https://t.co/t9bNvpiEmH
0.4404,2018-06-11 02:58:30+00:00,0.088,0.737,0.175,@CBS,"RT @CBSThisMorning: Hmm... something seems off here @SaraBareilles @JoshGroban. üòÇ

@WaitressMusical @GreatCometBway #TonyAwards https://t.c‚Ä¶"
0.4404,2018-06-11 02:56:40+00:00,0.0,0.847,0.153,@CBS,RT @_stobin13: watching the #TonyAwards after going to 3 broadway shows this weekend makes it even better üòçü§©
0.836,2018-06-11 02:56:10+00:00,0.0,0.533,0.467,@CBS,Tony Shalhoub wins Best Leading Actor in a Musical. #TonyAwards   #TheBandsVisit https://t.co/KcUDSicKI5
0.0,2018-06-11 02:53:00+00:00,0.0,1.0,0.0,@CBS,The Boss looks right at home on the #TonyAwards stage! https://t.co/pwjv4iydkn
0.6369,2018-06-11 02:47:29+00:00,0.0,0.682,0.318,@CBS,RT @Aatamianphoto: Springsteen is on the #TonyAwards and I love it.
0.7978,2018-06-11 02:44:50+00:00,0.0,0.457,0.543,@CBS,Inspiration: Get to your YES! #OnceOnThisIsland #TonyAwards https://t.co/Wjp0QIWfXq
0.9523,2018-06-11 02:44:37+00:00,0.0,0.484,0.516,@CBS,The feeling when you win a Tony. üôå¬†Congratulations to Once on This Island for winning Best Revival of a Musical!‚Ä¶ https://t.co/UpFCqgBTwh
0.5994,2018-06-11 02:33:09+00:00,0.0,0.698,0.302,@CBS,What a beautiful performance by the cast of #TheBandsVisit. #TonyAwards https://t.co/4Hw96kZvrf
0.4215,2018-06-11 02:29:18+00:00,0.0,0.877,0.123,@CBS,"""I'm a living example of how theatre can change you - and it didn't just change me, it saved me."" @JohnLeguizamo at‚Ä¶ https://t.co/4ICwMhb6hv"
0.8932,2018-06-11 02:23:56+00:00,0.0,0.483,0.517,@CBS,Angels in America takes the win for Best Revival of a Play! #TonyAwards https://t.co/zodW61tw8a
0.0,2018-06-11 02:21:03+00:00,0.0,1.0,0.0,@CBS,"RT @leahableson: The Once On This Island Goat And Chicken made it to the broadcast, Mama WILL provide #TonyAwards"
0.0,2018-06-11 02:16:06+00:00,0.0,1.0,0.0,@CBS,That performance was the GOAT. #TonyAwards https://t.co/mtoU92HipQ
0.8908,2018-06-11 02:11:03+00:00,0.0,0.509,0.491,@CBS,Harry Potter and the Cursed Child wins Best Play at the #TonyAwards! @HPPlayNYC https://t.co/WIqJQmtAlN
0.0,2018-06-11 02:05:47+00:00,0.0,1.0,0.0,@CBS,üé∂ ‚ÄúLet's dance this last dance tonight.‚Äù üé∂ #TonyAwards #DonnaSummerMusical https://t.co/UAIaglChfv
0.4926,2018-06-11 02:03:31+00:00,0.0,0.738,0.262,@CBS,Hope he brought enough birthday cake for everyone! #TonyAwards https://t.co/FlLbKV6oj8
0.5093,2018-06-11 01:58:48+00:00,0.0,0.477,0.523,@CBS,@writerlindsayb You're welcome! #TonyAwards
0.7579,2018-06-11 01:53:17+00:00,0.0,0.519,0.481,@CBS,RT @hjmayer8: I sure do love @DearEvanHansen üíô #TonyAwards
0.6467,2018-06-11 01:51:16+00:00,0.0,0.752,0.248,@CBS,"RT @Valerie4815: What a birthday present, the Tony audience singing happy birthday to you!! #TonyAwards"
0.0,2018-06-11 01:38:23+00:00,0.0,1.0,0.0,@CBS,If only this performance could go on forever. #TonyAwards @FrozenBroadway https://t.co/p2BMUvyTxr
0.636,2018-06-11 01:37:36+00:00,0.0,0.724,0.276,@CBS,RT @anna_villanueva: Magnificent performance from the cast of @FrozenBroadway! #TonyAwards2018 #TonyAwards #Tonys
0.8834,2018-06-11 01:30:56+00:00,0.0,0.437,0.563,@CBS,Glenda Jackson wins Best Leading Actress in a Play. #TonyAwards @threetallwomen https://t.co/GRp1gcBuiW
0.0,2018-06-11 01:29:21+00:00,0.0,1.0,0.0,@CBS,.@SaraBareilles is totally a Gryffindor. #TonyAwards https://t.co/OPQ7esk2dn
0.7351,2018-06-11 01:26:03+00:00,0.079,0.625,0.296,@CBS,RT @IzzyNY202: How impressive are these Marjory Stoneman Douglas students? That #TonyAwards performance reduced me to tears. Amazing.
0.0,2018-06-11 01:25:59+00:00,0.0,1.0,0.0,@CBS,RT @KatLargent: MAGIC #TonyAwards
0.0,2018-06-11 01:24:46+00:00,0.0,1.0,0.0,@CBS,Such a touching moment at the #TonyAwards. ‚ù§Ô∏è https://t.co/4kJWTHVPZ8
0.4019,2018-06-11 01:24:12+00:00,0.0,0.838,0.162,@CBS,.@Matt_Morrison welcomes the Marjory Stoneman Douglas High School theatre department to the stage. #TonyAwards https://t.co/5dxa9smeka
0.9151,2018-06-11 01:19:59+00:00,0.0,0.543,0.457,@CBS,So many feels at the #TonyAwards. Congratulations to @arielstachel for winning Best Featured Actor in a Musical!‚Ä¶ https://t.co/m1aRNIHPRK
0.6369,2018-06-11 01:12:31+00:00,0.0,0.625,0.375,@CBS,RT @McBenefit: I love everything about you @UzoAduba. #TonyAwards
0.1511,2018-06-11 01:08:28+00:00,0.0,0.898,0.102,@CBS,RT if that musical number by the cast of Carousel blew you away! #TonyAwards https://t.co/CMzMNtcAQO
0.1531,2018-06-11 01:08:24+00:00,0.0,0.852,0.148,@CBS,Nathan Lane saw his #AngelsinAmerica role as a challenge. How will you challenge yourself in 2018? #TonyAwards https://t.co/3WXd6AqgBi
0.8834,2018-06-11 01:02:47+00:00,0.0,0.437,0.563,@CBS,Nathan Lane wins Best Featured Actor in a Play. #TonyAwards @angelsbway https://t.co/xc8M7JtLDE
0.0,2018-06-11 00:58:06+00:00,0.0,1.0,0.0,@CBS,üåü¬†@joshgroban and @SaraBareilles are Host Goals. üåü #TonyAwards https://t.co/OGQec8cXJ6
0.2714,2018-06-11 00:52:34+00:00,0.0,0.793,0.207,@CBS,RT @adub369: This is unbelievable! @SaraBareilles and @joshgroban #TonyAwards
0.0,2018-06-11 00:51:11+00:00,0.0,1.0,0.0,@CBS,Who lives in a pineapple and just performed at The Tonys? üççüé∂ The cast of SpongeBob SquarePants: The Musical!‚Ä¶ https://t.co/mvFxdh9UJi
0.8883,2018-06-11 00:50:18+00:00,0.0,0.433,0.567,@CBS,‚ú® @LindsayMendez wins Best Featured Actress in a Musical! #TonyAwards @carouselbway https://t.co/MtgFowscN5
0.9134,2018-06-11 00:45:14+00:00,0.0,0.387,0.613,@CBS,A big congratulations to @springsteen for his Special Tony award! ‚ú®¬†#TonyAwards https://t.co/i16u8uv9aT
0.0,2018-06-11 00:44:36+00:00,0.0,1.0,0.0,@CBS,Can the 73rd annual #TonyAwards just be three-hours of @TitussBurgess? https://t.co/3rCZwwTUtv
0.25,2018-06-11 00:35:41+00:00,0.0,0.92,0.08,@CBS,"RT @CBSThisMorning: ""We know there are a lot of you out there who have photos of yourself in school plays or community theater."" Post your‚Ä¶"
0.4588,2018-06-11 00:34:45+00:00,0.0,0.85,0.15,@CBS,Keep your acceptance speeches short or else the #TonyAwards will get the angels involved. #AngelsInAmerica üëº https://t.co/oznhezRzDc
0.0,2018-06-11 00:31:28+00:00,0.0,1.0,0.0,@CBS,"If you haven't started singing, you will be the rest of the night. #TonyAwards #MyFairLady https://t.co/jbGXwnru8N"
0.3612,2018-06-11 00:27:42+00:00,0.0,0.737,0.263,@CBS,RT @marialena_rago: I like this opener for @MyFairLadyBway #TonyAwards
0.8908,2018-06-11 00:27:00+00:00,0.0,0.43,0.57,@CBS,Laurie Metcalf wins Best Featured Actress in a Play! #TonyAwards @threetallwomen https://t.co/y4teyJaRPs
0.0,2018-06-11 00:24:31+00:00,0.0,1.0,0.0,@CBS,Tina Fey has a boat?? #MeanGirls #TonyAwards https://t.co/phYxmHMd3d
0.0,2018-06-11 00:22:15+00:00,0.0,1.0,0.0,@CBS,Representing the hardest-working men and women in Broadway‚Ä¶¬†ensemble members from every nominated musical tonight!‚Ä¶ https://t.co/imlEEnOUla
0.6369,2018-06-11 00:22:15+00:00,0.0,0.588,0.412,@CBS,RT @misschae: I love theatre so much. #TonyAwards
0.0,2018-06-11 00:18:16+00:00,0.0,1.0,0.0,@CBS,On Wednesdays they wear pink and on Sundays they perform at the #TonyAwards. üíï Who thought that performance by the‚Ä¶ https://t.co/w7QDkaX6kF
0.6369,2018-06-11 00:13:27+00:00,0.0,0.756,0.244,@CBS,"RT @MichaelJMoritz: ""We are all made perfectly and we all belong‚Äù - Andrew Garfield #TonyAwards"
0.8834,2018-06-11 00:12:31+00:00,0.0,0.437,0.563,@CBS,Andrew Garfield wins Best Leading Actor in a Play. #TonyAwards @angelsbway https://t.co/s2VQnw6IPP
0.6696,2018-06-11 00:06:39+00:00,0.0,0.64,0.36,@CBS,"RT @nightingalen: Love this opening song! @joshgroban
@SaraBarreilles 
#TonyAwards"
0.3182,2018-06-11 00:04:15+00:00,0.0,0.85,0.15,@CBS,‚ú® @joshgroban and @SaraBareilles take the stage to begin an unforgettable evening. #TonyAwards https://t.co/y9uzlK2DzO
0.0,2018-06-10 23:59:00+00:00,0.0,1.0,0.0,@CBS,Grab your popcorn... it's time for the #TonyAwards! Go and stream the entire show now: https://t.co/Wo1algQHix https://t.co/JGYTk4NPDN
0.4374,2018-06-10 23:18:15+00:00,0.0,0.855,0.145,@CBS,‚ú® @thegoodfight's Christine Baranski has arrived on the #TonyAwards red carpet! Watch LIVE at 8/7c on CBS! https://t.co/XnXAnPtRrc
0.0,2018-06-10 22:01:25+00:00,0.0,1.0,0.0,@CBS,"The hosts have arrived! We're LIVE with @SaraBareilles, @joshgroban and more on the #TonyAwards red carpet hosted b‚Ä¶ https://t.co/NtarbgywLe"
0.4184,2018-06-10 15:00:01+00:00,0.0,0.843,0.157,@CBS,Tonight's the night! Join @etnow's @DDirecto on the #TonyAwards' red carpet starting at 5PM ET! https://t.co/hZLOSiIRAT
0.68,2018-06-09 21:00:02+00:00,0.0,0.763,0.237,@CBS,These two know a thing or two about awards! Watch them light up the stage tomorrow at the #TonyAwards. ‚ú® https://t.co/KHVZp65oLS
0.0,2018-06-09 16:00:00+00:00,0.0,1.0,0.0,@CBS,Here's everything you need to know before watching the #TonyAwards this Sunday at 8/7c: https://t.co/jcRgNGmLUZ https://t.co/8suUhVPFK6
0.296,2018-06-08 19:46:17+00:00,0.0,0.82,0.18,@CBS,Join @etnow's @DDirecto this Sunday on the #TonyAwards' red carpet. https://t.co/7jS8g10KmY
0.0,2018-06-08 15:00:03+00:00,0.0,1.0,0.0,@CBS,Here's @laChanze with a reminder that you can stream the #TonyAwards this Sunday on CBS All Access! https://t.co/8TDEXzKmyQ
0.9078,2018-06-08 13:58:15+00:00,0.0,0.564,0.436,@CBS,"We all get by with a little help from our friends, so what better way to celebrate #NationalBestFriendsDay than to‚Ä¶ https://t.co/pIZezbBwaT"
0.3612,2018-06-07 17:03:26+00:00,0.0,0.872,0.128,@CBS,"Get ready for show-stopping performances by the casts of the 2018 Tony-nominated shows Mean Girls, SpongeBob Square‚Ä¶ https://t.co/NiSx9Bbw0F"
0.2732,2018-06-06 21:00:24+00:00,0.105,0.719,0.176,@CBS,Don‚Äôt miss a special performance from @springsteen this Sunday at the #TonyAwards: https://t.co/LYYdleaFwU https://t.co/IKkKoITH9y
0.3595,2018-06-06 00:08:30+00:00,0.0,0.872,0.128,@CBS,"RT @CBSThisMorning: .@SaraBareilles and @joshgroban are hosting this Sunday's @TheTonyAwards on @CBS! 

Wednesday, they'll join us LIVE on‚Ä¶"
-0.4404,2018-06-05 22:23:35+00:00,0.177,0.723,0.1,@CBS,"RT @SU2C: SU2C telecast Co-Executive Producer Bradley Cooper sits down with Mitch Carbon, a pediatric cancer survivor who benefited from #S‚Ä¶"
0.4574,2018-06-05 22:12:28+00:00,0.0,0.824,0.176,@CBS,RT @StrangeAngel: About last night... The #StrangeAngel screening party was a blast! Pun intended. üöÄüòè https://t.co/m64EcNmweY
0.5093,2018-06-05 19:00:02+00:00,0.0,0.845,0.155,@CBS,These CBS stars can really belt it out! Find out which celebs from your favorite shows are pitch-perfect:‚Ä¶ https://t.co/X4zMACFazB
0.0,2018-06-05 15:04:41+00:00,0.0,1.0,0.0,@CBS,"More stars are set to appear at the #TonyAwards, including @billyjoel, @amyschumer, and @katharinemcphee. See who e‚Ä¶ https://t.co/lPUocBcn9t"
0.0,2018-06-04 17:00:00+00:00,0.0,1.0,0.0,@CBS,"The #TonyAwards are just days away, and @joshgroban and @SaraBareilles will bring all they've got to Broadway's Big‚Ä¶ https://t.co/eKkWn6ClSq"
-0.3903,2018-06-01 17:39:17+00:00,0.131,0.807,0.062,@CBS,"Call us old-fashioned, but we donut want you missing out on #NationalDonutDay! Here are a few treats from us to you‚Ä¶ https://t.co/HpzN8bQ3SO"
0.8442,2018-06-01 17:00:03+00:00,0.0,0.664,0.336,@CBS,Remember @Lin_Manuel‚Äôs beautiful sonnet from the 70th Annual Tony Awards¬Æ? Relive some of the greatest moments in‚Ä¶ https://t.co/IZjeQLd58C
0.8932,2018-05-31 23:50:00+00:00,0.0,0.545,0.455,@CBS,"Good friends @joshgroban and @SaraBareilles are hosting the #TonyAwards together? Well, this is bound to be fun! https://t.co/26Vgzp0s2e"
0.4926,2018-05-30 15:07:34+00:00,0.0,0.849,0.151,@CBS,"The #TonyAwards just got even better because @UzoAduba, @MattBomer, and more stars will be presenting live! Find ou‚Ä¶ https://t.co/hfFBtWo1T9"
0.0,2018-05-28 21:00:01+00:00,0.0,1.0,0.0,@CBS,"Mark your calendars. @SalvationCBS returns Monday, June 25 at 9/8c! ‚òÑÔ∏è https://t.co/N9pYuhYLRF"
0.0,2018-05-28 02:08:19+00:00,0.0,1.0,0.0,@CBS,RT @thegoodfight: All episodes of season 2 are now available. Stream #TheGoodFight on CBS All Access: https://t.co/k3tn8kR9KC https://t.co/‚Ä¶
0.6239,2018-05-23 23:07:38+00:00,0.0,0.797,0.203,@CBS,Get the popcorn ready! üçø  It's going to be an unforgettable @survivorcbs finale. Make sure to tune in TONIGHT at 8/‚Ä¶ https://t.co/vp0JyqfXMQ
0.5859,2018-05-23 19:02:43+00:00,0.0,0.826,0.174,@CBS,"RT @StrangeAngel: Every brilliant mind has a dark side. #StrangeAngel launches June 14, only on CBS All Access. https://t.co/y0MZg1BzEB htt‚Ä¶"
0.1139,2018-05-22 23:19:40+00:00,0.0,0.917,0.083,@CBS,Prepare yourself. The @NCIS_CBS season finale is unlike any other. Don't miss it TONIGHT at 8/7c. https://t.co/MOH6uiFc0C
0.0,2018-05-22 20:02:22+00:00,0.0,1.0,0.0,@CBS,"Summer heats up with @CBSBigBrother, @SalvationCBS, and the brand-new competition series @TKOCBS. Find out when you‚Ä¶ https://t.co/DxE7OnKs17"
0.0,2018-05-21 23:00:01+00:00,0.0,1.0,0.0,@CBS,Who‚Äôs going to be watching the season finale of @ManWithAPlan tonight? RT if you'll be tuning in at 8:30/7:30c! https://t.co/ARLRtVuGuc
0.3382,2018-05-20 20:00:00+00:00,0.061,0.808,0.131,@CBS,The season finale of @MadamSecretary will leave you speechless! Make sure to tune in tonight at 10/9c. https://t.co/hqxkLZsWpl
-0.743,2018-06-28 20:34:48+00:00,0.24,0.76,0.0,@CNN,"RT @CNNMoney: JUST IN: Deutsche Bank was the only major financial institution to fail the Federal Reserve's annual stress text exam, dealin‚Ä¶"
-0.6369,2018-06-28 20:34:24+00:00,0.366,0.634,0.0,@CNN,Democrats badly underestimated Trump | By Julian Zelizer via @CNNOpinion https://t.co/ZHDPBcb2WQ https://t.co/kkTDmNfr8S
-0.3182,2018-06-28 20:26:07+00:00,0.223,0.777,0.0,@CNN,The Democrats' lost generation | Analysis by @CillizzaCNN https://t.co/1cNQbfhLxK https://t.co/yS6DdvsDph
0.0516,2018-06-28 20:17:51+00:00,0.08,0.799,0.122,@CNN,"RT @CNNMoney: Dow closes up 98 points, S&amp;P 500 up 0.6%, Nasdaq up 0.8%. Walgreens loses almost 10%, CVS drops 6% after Amazon agrees to buy‚Ä¶"
0.0,2018-06-28 20:06:38+00:00,0.0,1.0,0.0,@CNN,"The shooting in Annapolis, Maryland, was in the Capital Gazette's newsroom, a law enforcement source tells CNN https://t.co/r1GLgp7KvT"
-0.6249,2018-06-28 20:02:58+00:00,0.298,0.702,0.0,@CNN,About 100 people were arrested in an immigration protest on Capitol Hill https://t.co/lrK8Z9R8xA https://t.co/bL3eLcGi0p
0.0,2018-06-28 19:49:27+00:00,0.0,1.0,0.0,@CNN,"A law enforcement official tells CNN that one person is in custody, believed to be a shooter at the Capital Gazette‚Ä¶ https://t.co/tNDWpG7zcr"
0.0,2018-06-28 19:32:17+00:00,0.0,1.0,0.0,@CNN,BREAKING: A reporter with the Capital Gazette newspaper said multiple people have been shot at its office in Annapo‚Ä¶ https://t.co/lKLl81HMgk
0.5106,2018-06-28 19:17:15+00:00,0.0,0.845,0.155,@CNN,"President Trump just called the forthcoming Foxconn plant in Mt. Pleasant, Wisconsin, ""the eighth wonder of the wor‚Ä¶ https://t.co/YmAJS0Xh0i"
0.0772,2018-06-28 19:13:32+00:00,0.0,0.894,0.106,@CNN,France is bringing back mandatory national service for all 16-year-olds https://t.co/Q2fI1U6EtV https://t.co/KVWGg9MvkE
0.6249,2018-06-28 19:02:55+00:00,0.0,0.814,0.186,@CNN,"President Trump mentioned his ""Make America Great Again"" slogan and hats while speaking in Wisconsin.

In 2020, he‚Ä¶ https://t.co/EH3Jc28Inw"
0.0,2018-06-28 18:56:07+00:00,0.0,1.0,0.0,@CNN,Sen. Chuck Schumer has introduced a new bill to decriminalize and regulate marijuana at the federal level‚Ä¶ https://t.co/IrA75BYgGq
0.0,2018-06-28 18:51:00+00:00,0.0,1.0,0.0,@CNN,Conversations around IUDs and other long-term birth control spiked on Twitter after Anthony Kennedy announced his r‚Ä¶ https://t.co/EWpPeNTr3X
-0.5106,2018-06-28 18:40:06+00:00,0.281,0.719,0.0,@CNN,Intrigue and uncertainty loom over Trump-Putin summit | Analysis by CNN's @StCollinson https://t.co/NWn6QhkmXl https://t.co/tYN0sAezzx
0.0,2018-06-28 18:35:57+00:00,0.0,1.0,0.0,@CNN,"After Hurricane Maria, Puerto Rico is pushing for statehood by 2021 https://t.co/XpQ78z1Sf0 https://t.co/kxVtpAD62n"
-0.4939,2018-06-28 18:22:35+00:00,0.242,0.758,0.0,@CNN,German police are investigating 21 deaths linked to poisoned sandwiches https://t.co/S5hQZaD9uf
0.8402,2018-06-28 18:11:17+00:00,0.0,0.667,0.333,@CNN,President Trump's nominee to replace Justice Anthony Kennedy on the Supreme Court is poised to come closer to an el‚Ä¶ https://t.co/CXN7E8ZFoU
0.0,2018-06-28 18:00:42+00:00,0.0,1.0,0.0,@CNN,"This 6-year-old protester in Texas has a message for the adults: ""Kids need their parents"" https://t.co/xFaq5KnR44 https://t.co/wFFi2OIZMS"
0.0,2018-06-28 17:46:47+00:00,0.0,1.0,0.0,@CNN,"The mayor of a Pittsburgh suburb is facing a backlash after she urged police in a Facebook post to ""bring the hoses‚Ä¶ https://t.co/oxcWlYASvG"
0.0,2018-06-28 17:35:44+00:00,0.0,1.0,0.0,@CNN,A Neolithic trackway dating to 2300 BC was uncovered in a nondescript field on the east coast of England‚Ä¶ https://t.co/rU2GTSEGSk
0.1531,2018-06-28 17:24:51+00:00,0.0,0.904,0.096,@CNN,"In an emotional moment, a protester in Milwaukee explains why she's demonstrating against Trump‚Äôs immigration polic‚Ä¶ https://t.co/xvxHNiTNNO"
0.0,2018-06-28 17:09:09+00:00,0.0,1.0,0.0,@CNN,Oil prices have spiked 13% in a week. What's going on?https://t.co/b8ZRgjpzjY https://t.co/2khxhdZ9WP
0.0,2018-06-28 17:00:00+00:00,0.0,1.0,0.0,@CNN,"Spider-Man, Captain America, and other superheroes dropped by a children's hospital in Iowa to give the kids a thri‚Ä¶ https://t.co/QODJfT941e"
0.3612,2018-06-28 16:54:26+00:00,0.0,0.878,0.122,@CNN,It could take three years for new Chipotle menu items like quesadillas and milkshakes to roll out nationally‚Ä¶ https://t.co/kW6yjU7fP3
-0.113,2018-06-28 16:40:22+00:00,0.203,0.611,0.186,@CNN,"Inspired by first lady Melania Trump's ""I really don't care"" jacket, protesters in Washington are firing back to sa‚Ä¶ https://t.co/Ueadj4xXqY"
0.2732,2018-06-28 16:26:51+00:00,0.0,0.89,0.11,@CNN,"Former Fox News president Bill Shine has accepted a senior position in the Trump administration, a source with know‚Ä¶ https://t.co/ekabuZuCbB"
0.5423,2018-06-28 16:13:50+00:00,0.0,0.769,0.231,@CNN,A new formulation of a drug that prevents excessive bleeding after childbirth could save thousands of women's lives‚Ä¶ https://t.co/Wdqfw5UdsE
0.0,2018-06-28 16:00:56+00:00,0.0,1.0,0.0,@CNN,This Idaho man quit his high-paying job to build beds for kids who sleep on the floor https://t.co/WROTyPrm2j https://t.co/rhJCBtI0Km
-0.5574,2018-06-28 15:48:20+00:00,0.175,0.825,0.0,@CNN,Listen to a phone call between a distraught 7-year-old immigrant child and his mother in a recording that was obtai‚Ä¶ https://t.co/HlVsilzCG7
-0.3597,2018-06-28 15:36:18+00:00,0.143,0.857,0.0,@CNN,Trump's 54 most outrageously over-the-top lines from his North Dakota speech | Analysis by Chris Cillizza‚Ä¶ https://t.co/6BhgEGS4zP
-0.8126,2018-06-28 15:29:47+00:00,0.261,0.739,0.0,@CNN,Mexico goes to the polls this weekend. This story has been updated to say that the 132 people killed in attacks ahe‚Ä¶ https://t.co/UbFN1uGdgX
-0.2732,2018-06-28 15:24:40+00:00,0.149,0.851,0.0,@CNN,"San Francisco families earning $117,400 a year are now considered ""low income"" https://t.co/WIR55fRm7I https://t.co/EqtgzUfb8K"
0.0258,2018-06-28 15:13:13+00:00,0.142,0.628,0.23,@CNN,"A top aide to Virginia GOP Senate nominee Corey Stewart has shared a number of conspiracy theories on social media,‚Ä¶ https://t.co/Zsj8hXiEE7"
-0.25,2018-06-28 14:59:48+00:00,0.133,0.867,0.0,@CNN,Women's March organizers are holding a protest against the family separation policy in Washington‚Ä¶ https://t.co/ceJUzWGNGR
0.0,2018-06-28 14:56:22+00:00,0.0,1.0,0.0,@CNN,UK lawmakers delivered a stark assessment of the conduct of British spies and their US allies in the decade after 9‚Ä¶ https://t.co/YwJNqxIse5
0.6369,2018-06-28 14:44:47+00:00,0.0,0.781,0.219,@CNN,Separating children from their families is part of America's legacy | By David A. Love via @CNNOpinion
0.0,2018-06-28 14:40:00+00:00,0.0,1.0,0.0,@CNN,New York congressional candidate Alexandria Ocasio-Cortez responds to Sen. Mitch McConnell‚Äôs comment that her prima‚Ä¶ https://t.co/1wQqoUAPut
-0.5574,2018-06-28 14:34:01+00:00,0.205,0.795,0.0,@CNN,This is how the Trump travel ban is affecting families across the globe https://t.co/G2AZj1DUnq https://t.co/xZOu0S1BNK
0.0,2018-06-28 14:21:40+00:00,0.0,1.0,0.0,@CNN,"Toyota says the Camry will cost $1,800 more to make if the Trump administration goes through with an auto tariff‚Ä¶ https://t.co/AueDQ4DtHB"
-0.4588,2018-06-28 14:20:00+00:00,0.158,0.842,0.0,@CNN,"When a customer began choking on his food, a quick-thinking employee at a Chick-fil-A in Austin, Texas, jumped into‚Ä¶ https://t.co/OThoJjFJIL"
0.5574,2018-06-28 14:10:55+00:00,0.0,0.816,0.184,@CNN,Flyers were placed on vehicles outside a sheriff's office. One tested positive for traces of a deadly opioid. https://t.co/OTJtt4zw8Q
-0.2263,2018-06-28 14:00:21+00:00,0.112,0.888,0.0,@CNN,Federal law enforcement officers have begun removing protesters encamped outside a US Immigration and Customs Enfor‚Ä¶ https://t.co/6dXmQCnTDK
0.7506,2018-06-28 13:46:17+00:00,0.0,0.686,0.314,@CNN,"The Supreme Court's union decision is a real opportunity for education reform, writes @JebBush for @CNNOpinion‚Ä¶ https://t.co/e5Nzv9RSlW"
0.5859,2018-06-28 13:36:00+00:00,0.0,0.678,0.322,@CNN,How Chipotle plans to win you back https://t.co/mn5yBzAzf2 https://t.co/oveXGfRqvP
0.0,2018-06-28 13:19:49+00:00,0.0,1.0,0.0,@CNN,Foxconn breaking ground on Wisconsin plant it received $4 billion to build https://t.co/wWI68wSBNy
0.1779,2018-06-28 13:07:23+00:00,0.0,0.898,0.102,@CNN,Amazon is buying online pharmacy PillPack -- a move that could disrupt the drug store business https://t.co/zGSm8UMnsT
0.0,2018-06-28 12:42:56+00:00,0.0,1.0,0.0,@CNN,"RT @NewDay: ""Russia did meddle in our election, Russia meddles in elections all over the world,"" says Republican Rep. Matt Gaetz: ""Vladimir‚Ä¶"
0.0,2018-06-28 12:40:22+00:00,0.0,1.0,0.0,@CNN,Trump's legacy just got exponentially more consequential | Analysis by Stephen Collinson https://t.co/5wZQnBrLoh https://t.co/p1Ufiw7WdC
0.0,2018-06-28 12:30:19+00:00,0.0,1.0,0.0,@CNN,"RT @NewDay: Sen. Richard Blumenthal on SCOTUS: ""The American people really deserve a voice in this decision... I've never seen a time when‚Ä¶"
0.0,2018-06-28 12:17:19+00:00,0.0,1.0,0.0,@CNN,"JUST IN: US President Trump and Russian President Putin will meet on July 16 in Helsinki, Finland, 4 days after NAT‚Ä¶ https://t.co/drY5wXCQfB"
0.0,2018-06-28 12:14:29+00:00,0.0,1.0,0.0,@CNN,Kentucky's sweeping Medicaid work requirement experiment is about to begin https://t.co/PKITF5sQn8
0.6124,2018-06-28 12:11:00+00:00,0.0,0.818,0.182,@CNN,"""Korea, brother, you're now Mexican."" Hundreds of jubilant Mexican soccer fans rushed to the South Korean embassy i‚Ä¶ https://t.co/IoaPduav1l"
0.34,2018-06-28 12:05:29+00:00,0.0,0.888,0.112,@CNN,"RT @NewDay: New York congressional candidate Alexandria Ocasio-Cortez says Democrats ""should be unafraid to play hardball"" over the new Sup‚Ä¶"
0.6124,2018-06-28 11:57:14+00:00,0.0,0.818,0.182,@CNN,"""Korea, brother, you're now Mexican."" Hundreds of jubilant Mexican soccer fans rushed to the South Korean embassy i‚Ä¶ https://t.co/QiMIop9rCv"
0.0,2018-06-28 11:46:37+00:00,0.0,1.0,0.0,@CNN,Yet another sign that San Francisco's housing market is out of control https://t.co/i0FBnDeejx https://t.co/SY3RpZhA1s
0.5859,2018-06-28 11:35:40+00:00,0.0,0.678,0.322,@CNN,How Chipotle plans to win you back https://t.co/kzrAQpQtye https://t.co/R01yueyNjh
0.2023,2018-06-28 11:24:59+00:00,0.0,0.893,0.107,@CNN,"Top Huawei exec blasts Senator Marco Rubio and another US lawmaker as ""closed-minded and ill-informed""‚Ä¶ https://t.co/6TJMURgbLv"
-0.5267,2018-06-28 11:14:44+00:00,0.175,0.825,0.0,@CNN,"Democrats are in danger of going too far left for 2018, writes Joe Cunningham for @CNNOpinion‚Ä¶ https://t.co/8CW4Z4QnRn"
0.0,2018-06-28 11:04:31+00:00,0.0,1.0,0.0,@CNN,Bernie Sanders is hosting a town hall for workers. Their CEOs are invited. https://t.co/hn2D31Mvpg https://t.co/RL9iPbh9ur
-0.1531,2018-06-28 10:46:07+00:00,0.082,0.918,0.0,@CNN,Britain's Queen Elizabeth II will miss a service on Thursday at London's St. Paul's Cathedral because she is feelin‚Ä¶ https://t.co/3zy75SSNAV
-0.5574,2018-06-28 10:40:00+00:00,0.277,0.723,0.0,@CNN,Another church in Spain has fallen victim to a well-intentioned restorer https://t.co/mMYCivfD7f VIA @CNNStyle https://t.co/ArcV9HzMWb
-0.2023,2018-06-28 10:39:04+00:00,0.13,0.87,0.0,@CNN,700 empty Toys 'R' Us stores. Who's going to fill them? https://t.co/YAgdobVlaz https://t.co/Upu0sIrC0e
-0.6249,2018-06-28 10:29:44+00:00,0.24,0.76,0.0,@CNN,New Banksy-style Paris street art places a spotlight on Europe's migrant crisis https://t.co/htvzzDc8KT via‚Ä¶ https://t.co/jSlI0izQZx
-0.5187,2018-06-28 10:05:05+00:00,0.165,0.835,0.0,@CNN,"A Texas man known as the ""ice pick killer"" had asked to be executed using gas or a firing squad, but was put to dea‚Ä¶ https://t.co/DEBG69XB4p"
0.0,2018-06-28 09:50:26+00:00,0.0,1.0,0.0,@CNN,"Just 23% of US adults get enough exercise, new data says https://t.co/DVUlNSjV90 https://t.co/DGbrE8BSbY"
-0.4588,2018-06-28 09:25:26+00:00,0.188,0.812,0.0,@CNN,Democrats: Don't jump to conclusions about Rep. Joe Crowley's defeat https://t.co/Z2WbQKpJrw (via @CNNOpinion) https://t.co/kq15oC4hze
-0.5423,2018-06-28 09:00:45+00:00,0.2,0.8,0.0,@CNN,"President Trump calls Rep. Joe Crowley a ""slovenly man"" who ""got his ass kicked"" https://t.co/fcdn6gFVZ7 https://t.co/Cs828OXiKS"
-0.296,2018-06-28 08:36:06+00:00,0.104,0.896,0.0,@CNN,"Dive operations at a cave in northern Thailand, where 12 young soccer players and their coach are missing, have bee‚Ä¶ https://t.co/FxSYSRdBLI"
0.0,2018-06-28 08:24:06+00:00,0.0,1.0,0.0,@CNN,How Pyongyang's buildings reveal a nuanced visual history of the city https://t.co/k0zeBjclJo vai @CNNStyle https://t.co/EUrKFkSSmi
-0.6908,2018-06-28 08:11:56+00:00,0.239,0.761,0.0,@CNN,"A 77-year-old retirement home resident who shot firefighters was trying to kill his neighbor, prosecutors say‚Ä¶ https://t.co/53R72JRztL"
-0.2144,2018-06-28 07:47:06+00:00,0.085,0.915,0.0,@CNN,"Not only did the German team crash out of the #WorldCup on Wednesday, but Angela Merkel is also facing a make-or-br‚Ä¶ https://t.co/sxDt6YuFMn"
-0.34,2018-06-28 07:46:33+00:00,0.196,0.67,0.134,@CNN,Authorities identified a 22-year-old man as a person of interest in the killing of rapper XXXTentacion earlier this‚Ä¶ https://t.co/yuV5nlLkpZ
-0.1027,2018-06-28 07:40:05+00:00,0.072,0.928,0.0,@CNN,A search is underway in Australia for man wanted for questioning after the discovery of a decomposing body found st‚Ä¶ https://t.co/XrlAXaq2Jz
0.6124,2018-06-28 07:19:03+00:00,0.0,0.818,0.182,@CNN,"""Korea, brother, you're now Mexican."" Hundreds of jubilant Mexican soccer fans rushed to the South Korean embassy i‚Ä¶ https://t.co/lxIWcwSWXx"
0.0,2018-06-28 07:12:25+00:00,0.0,1.0,0.0,@CNN,Why I'm burying a beer can in the backyard https://t.co/X95VMvjznz (via @CNNOpinion) https://t.co/Iw1vUxA86U
0.0,2018-06-28 06:30:11+00:00,0.0,1.0,0.0,@CNN,Watchdog to investigate child migrant housing facilities https://t.co/IofTc4Ylkl https://t.co/uOSTnVN6nW
0.0,2018-06-28 06:20:48+00:00,0.0,1.0,0.0,@CNN,"Do you know how much ""space grease"" is in the Milky Way? 

10 billion trillion trillion tonnes, scientists estimate‚Ä¶ https://t.co/djvfeLeqXR"
0.5574,2018-06-28 06:00:03+00:00,0.0,0.69,0.31,@CNN,5 Kennedy-authored Supreme Court rulings that changed America https://t.co/xPp7VnTQyF https://t.co/7kBsnG7ATQ
0.5859,2018-06-28 05:30:14+00:00,0.0,0.678,0.322,@CNN,How Chipotle plans to win you back https://t.co/QEEO92wNdW https://t.co/TcMT0qXbWq
0.0,2018-06-28 05:15:04+00:00,0.0,1.0,0.0,@CNN,"What Anthony Kennedy's retirement means for abortion, same-sex marriage, affirmative action and the future of the S‚Ä¶ https://t.co/lh30W0I4Ak"
0.0,2018-06-28 05:00:12+00:00,0.0,1.0,0.0,@CNN,"Here's what you need to know about the largest election in Mexico's history, with more than 3,000 posts at stake‚Ä¶ https://t.co/V0UVDyKI2Q"
0.2263,2018-06-28 04:45:11+00:00,0.119,0.699,0.182,@CNN,"Trump-Mattis dynamic raises questions about rift, anxiety at the Pentagon https://t.co/P1KCxeaqeP https://t.co/9545msacDm"
0.0,2018-06-28 04:30:09+00:00,0.0,1.0,0.0,@CNN,Democrats take big step towards a smaller role for superdelegates https://t.co/yYIcvKyg4e https://t.co/NDL2YKJoxi
0.0,2018-06-28 04:15:08+00:00,0.0,1.0,0.0,@CNN,Nancy Pelosi would set a different kind of record if she could become speaker again https://t.co/4JsICLPmaU https://t.co/kiD2hvnTiJ
0.6249,2018-06-28 04:00:06+00:00,0.0,0.702,0.298,@CNN,"The Department of Homeland Security asks Pentagon to help house 12,000 migrants https://t.co/I4YP5UvyGi https://t.co/qMv6OGyMwi"
0.0,2018-06-28 03:45:08+00:00,0.0,1.0,0.0,@CNN,Yet another sign that San Francisco's housing market is out of control https://t.co/NAQvDDNmCK https://t.co/n6FgPyfbfa
0.0,2018-06-28 03:30:15+00:00,0.0,1.0,0.0,@CNN,Britain's royal family made even more money in 2017 https://t.co/Sv5RHDe7Ud https://t.co/4jbRSTz7rL
0.0,2018-06-28 03:15:08+00:00,0.0,1.0,0.0,@CNN,A guide to Rajasthan's color-coded royal cities https://t.co/8tQ6FYfQrn https://t.co/ngUojMOxFS
0.0,2018-06-28 03:00:19+00:00,0.0,1.0,0.0,@CNN,Trump and Putin are meeting. What could possibly go wrong?https://t.co/3CKhQUQcrT (via @CNNOpinion) https://t.co/5OObU5dVfc
-0.5574,2018-06-28 02:45:05+00:00,0.217,0.783,0.0,@CNN,This is how the travel ban is impacting families near and far https://t.co/kFp8LlZZqC https://t.co/AzjoIKKFtq
-0.5267,2018-06-28 02:30:07+00:00,0.175,0.825,0.0,@CNN,"Democrats are in danger of going too far left for 2018, writes Joe Cunningham for @CNNOpinion‚Ä¶ https://t.co/5t5TFUhaq7"
0.0,2018-06-28 02:21:57+00:00,0.0,1.0,0.0,@CNN,RT @CuomoPrimeTime: DNC Chair @TomPerez: Dems can ‚Äúabsolutely‚Äù retake the Senate #CuomoPrimeTime https://t.co/ZO8ELDK9dK https://t.co/qdfxz‚Ä¶
-0.6124,2018-06-28 02:19:54+00:00,0.208,0.792,0.0,@CNN,"RT @CuomoPrimeTime: ‚ÄúIt‚Äôs not a trophy, its the future of America.‚Äù 

Democrat Sen. @AmyKlobuchar‚Äôs warning on the coming fight in the Sena‚Ä¶"
0.0,2018-06-28 02:18:40+00:00,0.0,1.0,0.0,@CNN,RT @CuomoPrimeTime: GOP @SenJohnKennedy tells @ChrisCuomo he believes Senate Majority Leader McConnell will manage to rally Republicans to‚Ä¶
-0.4588,2018-06-28 02:15:05+00:00,0.188,0.812,0.0,@CNN,Democrats: Don't jump to conclusions about Rep. Joe Crowley's defeat https://t.co/i5pQTQtHBT (via @CNNOpinion) https://t.co/vyriQYZHJq
0.5574,2018-06-28 02:00:21+00:00,0.0,0.783,0.217,@CNN,Supreme Court won't have the last word on worker rights https://t.co/WwDXEZk2t2 (via @CNNOpinion) https://t.co/D172EA0VGr
0.4939,2018-06-28 01:45:06+00:00,0.0,0.714,0.286,@CNN,How a rap lyric inspired a multimillion-dollar online platform https://t.co/8Cuwc2qHuR https://t.co/mvY9eVjFp1
-0.5423,2018-06-28 01:35:05+00:00,0.2,0.8,0.0,@CNN,"President Trump calls Rep. Joe Crowley a ""slovenly man"" who ""got his ass kicked"" https://t.co/zDtfWluoaS https://t.co/69YjlWrecr"
0.1796,2018-06-28 01:30:09+00:00,0.158,0.644,0.199,@CNN,"Justice Anthony Kennedy's departure is deeply worrying, writes Richard Lazarus for @CNNOpinion‚Ä¶ https://t.co/AwgeJSjFHU"
0.6808,2018-06-28 01:25:03+00:00,0.0,0.763,0.237,@CNN,"President Trump says Justice Kennedy's retirement ""makes the issue of Senate control one of the vital issues of our‚Ä¶ https://t.co/mhMFWjveYE"
0.0,2018-06-28 20:04:15+00:00,0.0,1.0,0.0,@FOXTV,RT @STAR: Take 3 is back for Season 3Ô∏è‚É£ ‚Äî September 26 at 9/8c on @FOXTV! #STAR https://t.co/uymS9dcN82
-0.4019,2018-06-28 20:03:59+00:00,0.13,0.87,0.0,@FOXTV,RT @HellsKitchenFOX: Tensions will boil over when an all-new season of #HellsKitchen premieres September 28 on @FOXTV. üå° https://t.co/a1gIv‚Ä¶
0.0,2018-06-28 20:03:25+00:00,0.0,1.0,0.0,@FOXTV,RT @LastManStanding: The wait is OVER. üôå #LastManStanding premieres September 28 at 8/7c on @FOXTV. https://t.co/2GthMjZwuP
0.0,2018-06-28 20:03:13+00:00,0.0,1.0,0.0,@FOXTV,RT @EmpireFOX: We're living for Season 5. #Empire returns to @FOXTV on September 26! üôå https://t.co/3XVaJntXPO
0.0,2018-06-28 18:01:43+00:00,0.0,1.0,0.0,@FOXTV,RT @ResidentFOX: Season 2 is on the way. #CoNic is back September 24! #TheResident https://t.co/Mh9uynKo70
0.6892,2018-06-28 18:01:26+00:00,0.0,0.794,0.206,@FOXTV,RT @shuffldEN: Great news! Family Guy will be back for a 17th season premiering on September 30 on @FOXTV! https://t.co/M6acgwGZCn
0.4199,2018-06-28 18:01:09+00:00,0.0,0.851,0.149,@FOXTV,"RT @TheCoolKidsFOX: Get your jello (shots) ready ‚Äî #TheCoolKids premieres Friday, September 28 on @FOXTV! üôå https://t.co/5KoMCTzbC1"
0.4574,2018-06-28 18:00:57+00:00,0.0,0.864,0.136,@FOXTV,RT @RelOnFOX: Are you ready?! A special preview of #Rel will be airing on September 9 immediately following @NFL on @FOXTV. https://t.co/3x‚Ä¶
-0.7684,2018-06-28 17:00:00+00:00,0.184,0.816,0.0,@FOXTV,"You may have to shield your eyes when you look at the Sun, but the ozone layer shields us from the worst of the Sun‚Ä¶ https://t.co/6qRFLJmsGd"
0.4003,2018-06-28 13:23:00+00:00,0.0,0.828,0.172,@FOXTV,üí™ #TheFour are giving it all they've got  ‚Äî tonight at 8/7c! üé§üëä https://t.co/YrzNLi3ZxC
0.0,2018-06-27 23:33:00+00:00,0.0,1.0,0.0,@FOXTV,Last night's #LoveConnection was a HEAD TURNER. üò≥ Catch all the drama now: https://t.co/4fpmv5etQW https://t.co/27vP5vssYm
0.4019,2018-06-27 21:36:42+00:00,0.0,0.828,0.172,@FOXTV,RT @manda32506: @TheFourOnFOX wish #TheFour was on twice a week waiting a hole 7 days is ruffüòÅ
0.0,2018-06-27 21:16:49+00:00,0.0,1.0,0.0,@FOXTV,RT @TheFourOnFOX: TFW your boss emails you at 5pm. #TheFour https://t.co/LxapqEtigz
0.69,2018-06-27 21:14:44+00:00,0.0,0.552,0.448,@FOXTV,Party at Donna and Ryan's! üéâ #BeatShazam https://t.co/uFzP9v8TGa
0.0,2018-06-27 21:13:45+00:00,0.0,1.0,0.0,@FOXTV,"RT @GordonRamsay: Watch out America, I'll be back for more.....#24HoursFOX https://t.co/VoGzdBRj2E"
0.1139,2018-06-27 21:03:00+00:00,0.0,0.917,0.083,@FOXTV,"Don't miss a ‚öΩÔ∏è-themed episode of #MasterChef with US soccer legend and @FOXSports analyst @AlexiLalas, tonight at‚Ä¶ https://t.co/30EOVj8OoG"
-0.1511,2018-06-27 16:32:00+00:00,0.081,0.919,0.0,@FOXTV,üò∑ @GordonRamsay faces his toughest restaurant yet ‚Äî tonight at 9/8c! #24HoursFOX üò∑ https://t.co/UjunfgIzJm
-0.5267,2018-06-27 13:00:00+00:00,0.159,0.841,0.0,@FOXTV,Here's a hint to where life on Earth would be trapped if the ozone layer didn't exist: üåäüåä #OneStrangeRock https://t.co/ZyztySXazO
0.6954,2018-06-26 21:38:53+00:00,0.0,0.84,0.16,@FOXTV,RT @gfunc76: All 4 of the contestants that‚Äôs on #TheFour‚Å† ‚Å†right now are so amazingly talented!!! üôåüèº James ~ Jesse ~ Whitney ~ Sharaya üé∂
0.5349,2018-06-26 21:38:04+00:00,0.0,0.839,0.161,@FOXTV,RT @Andy: Who's going to watch @LoveConnection tonight @FOXTV?? Find out at 9/8c if a true #loveconnection is made! https://t.co/3fG4rI0XCs
0.8338,2018-06-26 21:04:00+00:00,0.0,0.504,0.496,@FOXTV,RT to bless someone's feed with this adorable fam. ‚ú® #TheFour https://t.co/xDkpyi3cbN
0.0258,2018-06-26 19:57:26+00:00,0.151,0.692,0.157,@FOXTV,RT @TheFourOnFOX: When you're taking that üî• selfie after getting ready. #TheFour https://t.co/bH9RxJaYy0
0.8172,2018-06-26 19:56:54+00:00,0.0,0.694,0.306,@FOXTV,"RT @IrvinB_89: I have to say, Jesse earned my respect singing ""you are so beautiful"", he did a great vocal! #TheFour"
0.7184,2018-06-26 19:55:29+00:00,0.0,0.571,0.429,@FOXTV,RT @jewelbethbasham: Watching @MASTERCHEFonFOX to get inspired for dinner lol.
0.0,2018-06-26 19:55:22+00:00,0.0,1.0,0.0,@FOXTV,@GhostedonFOX Mood.
0.0258,2018-06-26 19:55:15+00:00,0.179,0.636,0.185,@FOXTV,RT @GhostedonFOX: When your friend gets back with their terrible ex. #Ghosted https://t.co/CyeND6w3Vf
0.8687,2018-06-26 17:04:00+00:00,0.0,0.565,0.435,@FOXTV,üòÜ Join in on the family fun tonight at 8/7c on #BeatShazam! üòÜ https://t.co/gL5teuJHWC
0.4939,2018-06-26 13:30:00+00:00,0.0,0.714,0.286,@FOXTV,Friendly reminder that Take 3 slays. üíÖ #STAR https://t.co/hey6vf2YJb
0.0,2018-06-25 23:30:00+00:00,0.0,1.0,0.0,@FOXTV,The Universe is home to infinite potential. Investigate the depths in the latest episode of #OneStrangeRock:‚Ä¶ https://t.co/8gCHz9GUHW
0.0,2018-06-25 21:27:47+00:00,0.0,1.0,0.0,@FOXTV,RT @TeenChoiceFOX: The ultimate dance BOSS. üëä Retweet to vote for @official_tWitch as #ChoiceDancer! #TeenChoice https://t.co/8d6xREbEH4
0.0,2018-06-25 21:25:57+00:00,0.0,1.0,0.0,@FOXTV,RT @TheFourOnFOX: Guys @Diddy got pipes. Who wants to see him sing on #TheFour stage!? #BilliAndDiddy https://t.co/BVXSiQwGKB
0.0,2018-06-25 21:25:32+00:00,0.0,1.0,0.0,@FOXTV,RT @24HoursFOX: Make plans to visit The Old Coffee Pot Restaurant on the latest #24HoursFOX now: https://t.co/TlLzMaIDJG https://t.co/owms0‚Ä¶
0.886,2018-06-25 20:57:00+00:00,0.0,0.49,0.51,@FOXTV,Honesty is the best policy and honestly you should watch #Ghosted: https://t.co/SFQwV2Uo6G https://t.co/iUEmcIsizg
-0.4215,2018-06-25 17:07:00+00:00,0.286,0.714,0.0,@FOXTV,Face your fears. üí™ #MondayMotivation #FamilyGuy https://t.co/cpvYRVQyCu
-0.2263,2018-06-25 13:06:00+00:00,0.142,0.769,0.089,@FOXTV,That late night feeling when you doze off and your alarm goes off. #LoveConnection https://t.co/99Gerng9pd
-0.3089,2018-06-25 03:10:00+00:00,0.158,0.842,0.0,@FOXTV,You don't need special üëì to watch the latest #OneStrangeRock ANYTIME: https://t.co/LhnQNN7iAy https://t.co/TDun70Up07
0.0,2018-06-25 03:00:00+00:00,0.0,1.0,0.0,@FOXTV,That's sunset on this week's #OneStrangeRock. üåÖ See you next Sunday! https://t.co/Zp3o7UYWWS
0.0,2018-06-25 02:37:00+00:00,0.0,1.0,0.0,@FOXTV,Silicon Valley can't compete with our DNA. üñ•Ô∏è #OneStrangeRock https://t.co/P7xSGRE8wr
0.0,2018-06-25 02:24:00+00:00,0.0,1.0,0.0,@FOXTV,There's only one job requirement: you CAN'T be afraid heights. #OneStrangeRock https://t.co/lqwrG0hFe7
0.0,2018-06-25 02:00:00+00:00,0.0,1.0,0.0,@FOXTV,"West Coast, slither on over to watch a new #OneStrangeRock starting NOW! üêç https://t.co/rVmLeRdNkd"
0.4389,2018-06-25 00:01:00+00:00,0.0,0.879,0.121,@FOXTV,The stardust that came alive to make #OneStrangeRock is done for the day. Come back next Sunday at 7/6c for more! https://t.co/GF70dJCxO9
0.0,2018-06-24 23:58:27+00:00,0.0,1.0,0.0,@FOXTV,@JOSE97LUIS üëçüëç #OneStrangeRock
0.0,2018-06-24 23:58:21+00:00,0.0,1.0,0.0,@FOXTV,Anything is possible. üëΩ #OneStrangeRock https://t.co/tzbmiFO5cH
-0.763,2018-06-24 23:57:58+00:00,0.423,0.447,0.13,@FOXTV,@AudVisuals They are truly exploring parts unknown! So crazy. üò± #OneStrangeRock
0.0,2018-06-24 23:54:15+00:00,0.0,1.0,0.0,@FOXTV,An alien landscape right here on Earth. üèä #OneStrangeRock https://t.co/nzxTco1imr
0.6468,2018-06-24 23:51:50+00:00,0.0,0.539,0.461,@FOXTV,@MayowaSquared The most perfect concoction! #OneStrangeRock
0.0,2018-06-24 23:50:52+00:00,0.0,1.0,0.0,@FOXTV,@shalomshoshanna Earth is a trippy place! üåè #OneStrangeRock
0.4404,2018-06-24 23:47:41+00:00,0.0,0.707,0.293,@FOXTV,Only the strongest survive. üí™ #OneStrangeRock https://t.co/ecayBjAdrl
0.6588,2018-06-24 23:41:23+00:00,0.0,0.532,0.468,@FOXTV,@niceonemoe Awesome! Knowledge is power. #OneStrangeRock
0.4648,2018-06-24 23:40:52+00:00,0.0,0.725,0.275,@FOXTV,@AvengingKitty You speak the TRUTH. üåè #OneStrangeRock
0.8252,2018-06-24 23:40:15+00:00,0.0,0.662,0.338,@FOXTV,@O_D_E_L_L This episode is SO good. What has been your favorite scene so far? üôå #OneStrangeRock
0.0,2018-06-24 23:39:09+00:00,0.0,1.0,0.0,@FOXTV,@fishsticksfacey SAME. #OneStrangeRock
0.0,2018-06-24 23:36:13+00:00,0.0,1.0,0.0,@FOXTV,@MayowaSquared @NatGeo Spread the word! üôå #OneStrangeRock
-0.3404,2018-06-24 23:33:49+00:00,0.255,0.745,0.0,@FOXTV,@The6ixFan Couldn't agree more! üåè #OneStrangeRock
0.6114,2018-06-24 23:28:33+00:00,0.0,0.734,0.266,@FOXTV,@petite_savant The perfect way to spend your Sunday! üåè #OneStrangeRock
0.0,2018-06-24 23:27:56+00:00,0.0,1.0,0.0,@FOXTV,Can you guess what it is? #OneStrangeRock https://t.co/9D85XW0Q6H
0.6867,2018-06-24 23:27:26+00:00,0.0,0.518,0.482,@FOXTV,@Rell_Lauren UNREAL! He's so brave. #OneStrangeRock
-0.3164,2018-06-24 23:19:48+00:00,0.278,0.548,0.174,@FOXTV,@ericwojo The cave scene must have looked amazing on it! üò± #OneStrangeRock
0.0,2018-06-24 23:17:24+00:00,0.0,1.0,0.0,@FOXTV,Earth: The largest experiment in the Universe. üåé #OneStrangeRock https://t.co/Elvqo1Cxtu
0.6239,2018-06-24 23:15:01+00:00,0.0,0.631,0.369,@FOXTV,@OutspokenE H2O for the win! üôå #OneStrangeRock
0.0,2018-06-24 23:13:58+00:00,0.0,1.0,0.0,@FOXTV,Don't. Look. Down. üò≥ #OneStrangeRock https://t.co/kFpdRddwKW
0.4588,2018-06-24 23:12:23+00:00,0.0,0.571,0.429,@FOXTV,"@BakerFootball06 @NatGeo Breathtaking, right? #OneStrangeRock"
0.9134,2018-06-24 23:11:32+00:00,0.0,0.24,0.76,@FOXTV,@ericwojo Perfect timing! ‚ú® Truly fascinating information. #OneStrangeRock
0.0,2018-06-24 23:09:45+00:00,0.0,1.0,0.0,@FOXTV,@Jv19475513 We see what you did there! üßó‚Äç‚ôÇÔ∏è #OneStrangeRock
0.0,2018-06-24 23:08:31+00:00,0.0,1.0,0.0,@FOXTV,@ericwojo You can say that again! #OneStrangeRock
-0.2481,2018-06-24 23:06:56+00:00,0.249,0.751,0.0,@FOXTV,@AirEarthOcean1 Seriously! What can't he do? #OneStrangeRock
0.1695,2018-06-24 23:06:26+00:00,0.0,0.868,0.132,@FOXTV,"Never forget, you are literally made of stardust. üåü #OneStrangeRock https://t.co/AwCWZ3aTcz"
0.2732,2018-06-24 23:05:07+00:00,0.0,0.656,0.344,@FOXTV,@NEexpatriate @NatGeo Agreed. ü§Øü§Øü§Ø  #OneStrangeRock
0.0,2018-06-24 23:03:55+00:00,0.0,1.0,0.0,@FOXTV,@Lucifan_XD It really is! #OneStrangeRock
0.0,2018-06-24 23:03:27+00:00,0.0,1.0,0.0,@FOXTV,@BBlair06 Here we go! üåè #OneStrangeRock
0.0,2018-06-24 23:01:00+00:00,0.0,1.0,0.0,@FOXTV,Don't look away ‚Äî¬†#OneStrangeRock starts NOW! https://t.co/zogRAjwTIe
0.0,2018-06-24 19:25:00+00:00,0.0,1.0,0.0,@FOXTV,üíÉüèªüï∫Finesse runs in the family. #BeatShazam üíÉüèªüï∫ https://t.co/VRTpIlDoHM
0.0,2018-06-24 16:30:00+00:00,0.0,1.0,0.0,@FOXTV,"If we take it back a billion years, we will discover that we're all related. Find out how on #OneStrangeRock tonigh‚Ä¶ https://t.co/5Tmf14IPXB"
0.3802,2018-06-24 13:25:00+00:00,0.0,0.776,0.224,@FOXTV,Find out the truth tonight at 8/7c! üëÄ #Ghosted https://t.co/zR0FF8SpyL
0.0,2018-06-23 21:05:00+00:00,0.0,1.0,0.0,@FOXTV,What do you think of @GordonRamsay's goatee? #24HoursFOX https://t.co/nYe97w0dq1
0.0,2018-06-23 18:04:00+00:00,0.0,1.0,0.0,@FOXTV,#NoContext #ScreamQueens https://t.co/xbhyoVHBQ4
0.6908,2018-06-23 14:00:02+00:00,0.0,0.725,0.275,@FOXTV,RT if you wish @oliverstarkk was behind your door this morning. üòç #911onFOX https://t.co/GQGN2v8dwS
-0.0516,2018-06-22 21:09:00+00:00,0.107,0.893,0.0,@FOXTV,The exact moment you leave work. üôå #FridayFeeling #SYTYCD https://t.co/CMgGuvuJ6b
0.0,2018-06-22 18:45:51+00:00,0.0,1.0,0.0,@FOXTV,RT @BobsBurgersFOX: Incoming! üçî #FanArtFriday üé®: @PTRTrick #BobsBurgers https://t.co/uF5OQtaw5D
0.0,2018-06-22 18:45:37+00:00,0.0,1.0,0.0,@FOXTV,RT @TheFourOnFOX: .@Sharaya_J put a major spin on @Migos this week! What do y'all think? #TheFour https://t.co/u0uYLkIu4w
0.0,2018-06-22 18:45:21+00:00,0.0,1.0,0.0,@FOXTV,üò±üò±üò±üò±üò±üò±üò±üò±üò±üò±üò±üò±üò±üò±üò±üò±üò±üò±üò± https://t.co/agqZgyjEHF
0.7674,2018-06-22 18:25:09+00:00,0.0,0.647,0.353,@FOXTV,"Don't miss out on country music's biggest party! The @iHeartCountry Festival airs Sunday, August 5 at 8/7c. https://t.co/P0m8OFFRWz"
0.0,2018-06-22 16:29:00+00:00,0.0,1.0,0.0,@FOXTV,üö®This is not a drill! üö® Get your #TeenChoice votes in before it's too late! üëâ https://t.co/e5bAIYHA6U https://t.co/0R2XCv3lit
-0.5473,2018-06-22 12:28:00+00:00,0.414,0.586,0.0,@FOXTV,The DISRESPECT. ü§¶‚Äç‚ôÄÔ∏è #Empire https://t.co/fcw43R0CDu
0.4939,2018-06-21 23:29:00+00:00,0.0,0.738,0.262,@FOXTV,Here's a link to last night's #24HoursFOX: https://t.co/xfAQI38GMN üëã https://t.co/x0vKMW7Ua2
0.0,2018-06-21 23:12:58+00:00,0.0,1.0,0.0,@FOXTV,RT @STAR: Takin' names and slayin' the selfie game. üìùüì∏ #NationalSelfieDay #STAR https://t.co/vSkDful01a
0.0,2018-06-21 23:12:50+00:00,0.0,1.0,0.0,@FOXTV,"RT @TheGiftedonFOX: Today's lesson from #TheGifted: power comes from within yourself(ie). ‚ú®ü§≥ #NationalSelfieDay 
üì∑: @EmmaDumont https://t.c‚Ä¶"
0.8655,2018-06-21 23:12:40+00:00,0.0,0.717,0.283,@FOXTV,"RT @laurieket: @COSMOSonTV I am so looking forward to the next season of #COSMOS üå† I just love hearing my daughter saying ""I love science!"""
0.6114,2018-06-21 23:12:00+00:00,0.0,0.846,0.154,@FOXTV,RT @COSMOSonTV: Happy #FirstDayofSummer from #COSMOS! ‚òÄÔ∏èüå¥ Did you know the Earth is actually at its furthest distance from the Sun on #Summ‚Ä¶
0.3612,2018-06-21 21:30:00+00:00,0.0,0.857,0.143,@FOXTV,"Sounds like you need to tune in to another explosive #OneStrangeRock, Sunday at 7/6c. üëÇüí• https://t.co/sViZUtCrQr"
0.0,2018-06-21 20:12:37+00:00,0.0,1.0,0.0,@FOXTV,RT @EmpireFOX: Everyone wants a selfie with royalty. üëë #Empire #NationalSelfieDay https://t.co/rk7GhLCbYI
0.6114,2018-06-21 20:12:30+00:00,0.0,0.734,0.266,@FOXTV,RT @24HoursFOX: Selfies bring people together ‚Äî Happy #NationalSelfieDay from #24HoursFOX! ü§≥ https://t.co/0MXy8YYr7K
0.8268,2018-06-21 20:01:00+00:00,0.0,0.565,0.435,@FOXTV,"A nostalgic story filled with love and laughter, consider #AChristmasStoryLive! üéÑ‚ú® #FYC https://t.co/Z7S7ZrNwlJ"
0.0,2018-06-21 18:29:00+00:00,0.0,1.0,0.0,@FOXTV,RT if #MalcolmInTheMiddle defined your childhood. #TBT https://t.co/omBQV4IJPO
0.431,2018-06-21 17:05:33+00:00,0.0,0.737,0.263,@FOXTV,There's never a bad time for a ü§≥. #NationalSelfieDay #BobsBurgers https://t.co/QFLvGkpnIl
0.6114,2018-06-21 17:05:03+00:00,0.0,0.826,0.174,@FOXTV,"RT @911onFOX: Even after a rough day, the selfie game is ALWAYS on point. üíÅüèº‚Äç‚ôÇÔ∏èüòÇ Happy #NationalSelfieDay from #911onFOX!
üì∏: @oliverstarkk‚Ä¶"
0.3182,2018-06-21 16:30:01+00:00,0.0,0.827,0.173,@FOXTV,It's make-or-break for these artists. Catch #TheFour tonight at 8/7c. ‚ú® https://t.co/qFNo2RddlK
0.5859,2018-06-21 14:29:00+00:00,0.0,0.84,0.16,@FOXTV,Can both France and Argentina pull off a win? Find out today: France v Peru at 10am ET and Argentina v Croatia 1pm‚Ä¶ https://t.co/YI1yT5QsLG
0.7263,2018-06-21 01:09:59+00:00,0.0,0.621,0.379,@FOXTV,RT @GordonRamsay: They keep getting better and better all season ! #24HoursFOX https://t.co/wxTR89965k
-0.2924,2018-06-21 01:09:54+00:00,0.166,0.834,0.0,@FOXTV,"RT @Meghan_Trainor: Tomorrow!  Don‚Äôt miss @TheFourOnFOX ! 
Thursday 8pm EST/7central 
#TheFour  üé∂üéâüíÉüèº https://t.co/tUNOZEfAZP"
0.3182,2018-06-28 20:40:06+00:00,0.0,0.901,0.099,@nytimes,Emma Gatewood hiking the entire Appalachian Trail by herself in one season at 67 was remarkable enough. But so is t‚Ä¶ https://t.co/X9HjGAnhlk
0.0,2018-06-28 20:28:31+00:00,0.0,1.0,0.0,@nytimes,"Breaking News: Multiple people were shot at the Capital-Gazette newspaper in Annapolis, Md., the police said https://t.co/dR8tAPh00Y"
-0.743,2018-06-28 20:24:26+00:00,0.27,0.73,0.0,@nytimes,"Kenny Sale, a model, said he was assaulted by the photographer Mario Testino, who denied any wrongdoing.

‚ÄúPeople w‚Ä¶ https://t.co/7L6qMUs4kB"
0.0,2018-06-28 20:22:00+00:00,0.0,1.0,0.0,@nytimes,"Kim Rubenstein alleged sexual misconduct by Gordon Edelstein, the artistic director of the Long Wharf Theater in Ne‚Ä¶ https://t.co/NPNSb96jD1"
-0.1027,2018-06-28 20:15:04+00:00,0.125,0.766,0.109,@nytimes,"‚ÄúYour use of this to attack me personally is deeply wrong,‚Äù said Rod Rosenstein, who oversees the special counsel i‚Ä¶ https://t.co/hqlzdRH2OG"
-0.5574,2018-06-28 20:03:29+00:00,0.175,0.825,0.0,@nytimes,"Gunshots were fired at the Capital Gazette, a newspaper in Annapolis, Md., according to a police spokesman and mult‚Ä¶ https://t.co/iDo3ZNIcBA"
-0.3699,2018-06-28 20:00:15+00:00,0.208,0.694,0.098,@nytimes,China‚Äôs stock market has now fallen close to levels not seen since a crash shocked global investors 3 years ago https://t.co/zFFoe0opnl
0.2732,2018-06-28 19:50:03+00:00,0.073,0.791,0.136,@nytimes,"Classic architecture, international cuisine, adventurous activities and serious art: This Western New York city is‚Ä¶ https://t.co/4hIoOHa2fa"
-0.5719,2018-06-28 19:44:00+00:00,0.144,0.856,0.0,@nytimes,"Vanessa Carlton: ""It feels terrifying to speak on the record. Once you jump off the cliff and you say it, you reali‚Ä¶ https://t.co/Jn5xIPKYYP"
0.6369,2018-06-28 19:40:09+00:00,0.0,0.714,0.286,@nytimes,"Another Equifax worker tried to profit off the huge data breach, the SEC says https://t.co/jxvARa4xBc"
-0.7184,2018-06-28 19:30:07+00:00,0.283,0.652,0.065,@nytimes,"In a rare legal move, French authorities have charged the cement giant Lafarge with terrorist financing and crimes‚Ä¶ https://t.co/E7nIfk7cjC"
0.2732,2018-06-28 19:20:04+00:00,0.113,0.724,0.163,@nytimes,"The Supreme Court ended a bruising term on Wednesday, one marked by division, disruption and an extraordinary strin‚Ä¶ https://t.co/pkmC0iviCK"
0.6369,2018-06-28 19:15:45+00:00,0.0,0.766,0.234,@nytimes,"Helen Donahue, a former Vice Media employee who said a company executive groped her at a party: ‚ÄúIt was like every‚Ä¶ https://t.co/w5X2INrTuL"
0.0,2018-06-28 19:15:28+00:00,0.0,1.0,0.0,@nytimes,Karin Bruckner spoke about having the architect Richard Meier rub his body up against hers at work. (Meier later ap‚Ä¶ https://t.co/GjZBDa3K0D
0.0,2018-06-28 19:10:09+00:00,0.0,1.0,0.0,@nytimes,"Our Politics editor, @patrickhealynyt, answered readers‚Äô questions on The Times‚Äôs political coverage and plans for‚Ä¶ https://t.co/mZkDGnkxVl"
0.0,2018-06-28 19:00:06+00:00,0.0,1.0,0.0,@nytimes,The group stage of the 2018 World Cup is nearly over. Here is the schedule for the rest of the tournament. https://t.co/dD6jSI9PKB
0.34,2018-06-28 18:50:04+00:00,0.0,0.882,0.118,@nytimes,Investigators with the Department of Homeland Security made an unannounced visit to the home of a former ICE spokes‚Ä¶ https://t.co/o7HG8DcdLm
0.0,2018-06-28 18:40:05+00:00,0.0,1.0,0.0,@nytimes,"Jerry Richardson, the owner of the Carolina Panthers who is in the process of selling the team for $2.2 billion, wa‚Ä¶ https://t.co/AzhVuSCHZf"
-0.0762,2018-06-28 18:30:07+00:00,0.097,0.903,0.0,@nytimes,"How long can humans live? The limit hasn't been reached, a study finds. https://t.co/9TCvx9XqOR"
-0.5423,2018-06-28 18:24:00+00:00,0.149,0.851,0.0,@nytimes,"Lindsay Meyer, who spoke about Silicon Valley‚Äôs culture of harassment: ‚ÄúI was on the verge of getting my big second‚Ä¶ https://t.co/7laDAOMham"
0.0,2018-06-28 18:20:01+00:00,0.0,1.0,0.0,@nytimes,"A politician who is trying to get rid of speed cameras around city schools has racked up tickets in March, April an‚Ä¶ https://t.co/ojYfTFHPXA"
-0.09,2018-06-28 18:15:09+00:00,0.192,0.665,0.142,@nytimes,England vs. Belgium is a World Cup heavyweight battle. But both teams may be better off losing this game. Live upda‚Ä¶ https://t.co/jYUQFuomOS
0.1779,2018-06-28 18:10:01+00:00,0.0,0.909,0.091,@nytimes,"As Amazon continues its pursuit to own everyone and everything, it is buying an online pharmacy, PillPack https://t.co/DL8J5HK4Cp"
0.7351,2018-06-28 18:06:06+00:00,0.0,0.721,0.279,@nytimes,"RT @adamliptak: My look back at the last Supreme Court term, with stunning, telling graphics from @aliciaparlap https://t.co/GD85hKMcjR"
-0.8402,2018-06-28 18:00:11+00:00,0.31,0.69,0.0,@nytimes,"‚ÄúThere was no evidence in our case. And there is no evidence of terrorism here now,‚Äù George Takei said. ‚ÄúWhat the c‚Ä¶ https://t.co/8zmgRAg2RK"
-0.8176,2018-06-28 17:55:00+00:00,0.321,0.679,0.0,@nytimes,"Chris Brown said he'd been sexually abused at 17 by the conductor James Levine, who denied the accusations.

""I did‚Ä¶ https://t.co/AH3wZri9Zb"
0.0,2018-06-28 17:50:03+00:00,0.0,1.0,0.0,@nytimes,"Setting down his glass of ros√©, John Legend performed a handful of songs including ‚ÄúLa Vie en Rose‚Äù (of course) https://t.co/abH9V8Xfdf"
-0.8442,2018-06-28 17:40:05+00:00,0.426,0.456,0.118,@nytimes,Britain‚Äôs intelligence services tolerated and abetted ‚Äúinexcusable‚Äù abuse of terrorism suspects by their American c‚Ä¶ https://t.co/UUN0UZXGfE
0.0,2018-06-28 17:30:13+00:00,0.0,1.0,0.0,@nytimes,"2018 is ""officially, extremely canceled"" https://t.co/rSVC5CCQYs"
0.0516,2018-06-28 17:24:00+00:00,0.151,0.647,0.203,@nytimes,Julie Ruvolo spoke about Silicon Valley's use of nondisclosure agreements to resolve harassment claims. She said An‚Ä¶ https://t.co/tl2CHXj3wM
0.2263,2018-06-28 17:20:05+00:00,0.111,0.741,0.148,@nytimes,"While students publicly praise ideological classes on Mao, in private many say they find the courses dull and irrel‚Ä¶ https://t.co/xTdxiNnBWF"
-0.4449,2018-06-28 17:10:04+00:00,0.163,0.837,0.0,@nytimes,"In 2016, Mitch McConnell repeatedly cited a nonexistent Senate ‚Äútradition‚Äù of not considering Supreme Court nominee‚Ä¶ https://t.co/sTv6lK4plJ"
-0.6908,2018-06-28 17:00:17+00:00,0.26,0.65,0.09,@nytimes,A region that is already home to some of the world‚Äôs poorest and hungriest people could face greater misery if noth‚Ä¶ https://t.co/cpGqkXyR6L
0.5267,2018-06-28 16:50:05+00:00,0.0,0.827,0.173,@nytimes,"In an effort to help get its millions of packages to shoppers faster, Amazon wants to build an army of delivery peo‚Ä¶ https://t.co/RbvjpVp4eM"
-0.2263,2018-06-28 16:46:15+00:00,0.091,0.909,0.0,@nytimes,"Gwyneth Paltrow, who told us how she was expected to keep Harvey Weinstein's unwanted advances a secret, said to se‚Ä¶ https://t.co/bKGOwAUWIQ"
0.0,2018-06-28 16:44:00+00:00,0.0,1.0,0.0,@nytimes,"Deborah Harris reported being ‚Äúberated and humiliated‚Äù by Benjamin Genocchio, the executive director of the Armory‚Ä¶ https://t.co/6msApPNkyi"
0.7184,2018-06-28 16:40:07+00:00,0.0,0.727,0.273,@nytimes,"Along with the seismic triumph of Alexandria Ocasio-Cortez in New York, Ben Jealous's victory signaled enthusiasm b‚Ä¶ https://t.co/QmekU9jkkp"
0.0,2018-06-28 16:30:20+00:00,0.0,1.0,0.0,@nytimes,"The movie ""Rabbit-Proof Fence"" told the story of Daisy Kadibil and 2 other Aboriginal Australians who were taken fr‚Ä¶ https://t.co/nn1VtHnfpu"
0.0,2018-06-28 16:20:09+00:00,0.0,1.0,0.0,@nytimes,The identity of a London jogger who pushed a woman into the path of a bus will most likely remain a mystery as the‚Ä¶ https://t.co/vqsVpstbNu
0.4019,2018-06-28 16:18:07+00:00,0.0,0.886,0.114,@nytimes,RT @nytopinion: America‚Äôs outdated political system allowed Trump and the party of the monocultural country to seize total control of the s‚Ä¶
0.4019,2018-06-28 16:11:30+00:00,0.0,0.87,0.13,@nytimes,"A former aide to Roger Stone, the longtime Trump adviser, was subpoenaed by the Russia special counsel Robert Muell‚Ä¶ https://t.co/4ka9Fqovf3"
0.0,2018-06-28 16:04:00+00:00,0.0,1.0,0.0,@nytimes,Drew Dixon: ‚ÄúIt‚Äôs complicated as a black woman ‚Äî do you take it for the team? Which is what I did for 22 years. Or‚Ä¶ https://t.co/SS8kGESjr1
0.0,2018-06-28 16:00:19+00:00,0.0,1.0,0.0,@nytimes,"For $15-an-hour jobs, a Colorado business owner said she can't find workers. She wants to hire foreigners, but that‚Ä¶ https://t.co/TchYbrkgFt"
0.0,2018-06-28 15:50:03+00:00,0.137,0.726,0.137,@nytimes,‚ÄúMy stomach dropped. I know that Trump is hellbent on replacing any justice with somebody who would be a threat to‚Ä¶ https://t.co/w2X63n6pa8
0.0,2018-06-28 15:40:09+00:00,0.0,1.0,0.0,@nytimes,Is it lunchtime yet? https://t.co/SyhWokpAiD
0.6249,2018-06-28 15:30:14+00:00,0.0,0.831,0.169,@nytimes,RT @melenar: They kept secrets about powerful men for years. How did it feel to speak their truth? 20 people who said #MeToo tell us what h‚Ä¶
-0.4767,2018-06-28 15:24:00+00:00,0.132,0.817,0.051,@nytimes,Natalie Saibel: ‚ÄúI didn‚Äôt want it to be just about me and my validation and my revenge. I wanted others to have a s‚Ä¶ https://t.co/3eboAoDwhL
-0.2382,2018-06-28 15:20:06+00:00,0.103,0.897,0.0,@nytimes,"The British Museum's director condemned the modern ivory trade, but defended the decision to preserve existing ivor‚Ä¶ https://t.co/t3PEMnNEv3"
-0.34,2018-06-28 15:10:07+00:00,0.112,0.888,0.0,@nytimes,"Fueled by alarm over the separation of migrant children from their parents, local governments around the U.S. are e‚Ä¶ https://t.co/WSKI9wdFNb"
0.5574,2018-06-28 15:07:31+00:00,0.0,0.806,0.194,@nytimes,"RT @nytgraphics: After Kennedy's exit, the Supreme Court's center is likely to shift right. https://t.co/OitsndfgFy https://t.co/S2nVlJ9nqo"
0.5574,2018-06-28 15:00:21+00:00,0.0,0.847,0.153,@nytimes,"Given a second Supreme Court vacancy to fill, President Trump appears likely to go down in American history as an u‚Ä¶ https://t.co/6bfmHTtiEI"
-0.5423,2018-06-28 14:54:00+00:00,0.163,0.837,0.0,@nytimes,Wendy Walsh was the only woman who spoke publicly about her sexual harassment allegations against Bill O'Reilly in‚Ä¶ https://t.co/OMcu063Oh4
0.4357,2018-06-28 14:50:07+00:00,0.0,0.869,0.131,@nytimes,"""We had people running this like a 1998 City Council race and not a 2018 congressional primary,"" said one person in‚Ä¶ https://t.co/8DrylxtsZL"
0.0,2018-06-28 14:40:05+00:00,0.0,1.0,0.0,@nytimes,"In Opinion

Op-Ed contributor @emilybazelon writes, ""If ever there were a time for more people to reckon with what‚Ä¶ https://t.co/JcZ0WsA1m6"
-0.7783,2018-06-28 14:30:08+00:00,0.306,0.521,0.174,@nytimes,"""Your lenient sentence amounts to a slap on the wrist for a serial rapist whose violent and sadistic sex crimes wil‚Ä¶ https://t.co/CSDeridoQY"
-0.5423,2018-06-28 14:26:11+00:00,0.149,0.851,0.0,@nytimes,"Suzette Wright, a Ford factory worker in the 1990s, who told The Times about the culture of harassment there.

‚ÄúI k‚Ä¶ https://t.co/Hrv592mELh"
0.5574,2018-06-28 14:15:08+00:00,0.0,0.714,0.286,@nytimes,Here‚Äôs a list of potential nominees for the Supreme Court https://t.co/peIklM0Y8Y
0.0,2018-06-28 14:00:19+00:00,0.0,1.0,0.0,@nytimes,"""There was nobody who could shut her up,"" Alexandria Ocasio-Cortez's mother said. ""I saw the political tendencies s‚Ä¶ https://t.co/CInqv6zLaG"
0.0,2018-06-28 13:55:02+00:00,0.0,1.0,0.0,@nytimes,It's win-and-you're-in for Senegal and Colombia today. Follow here for live updates: https://t.co/L4dGBR1uGP
-0.3182,2018-06-28 13:45:09+00:00,0.103,0.897,0.0,@nytimes,"The men were shunned, fired and swept aside. But what happened to their accusers? 20 people reveal what came after‚Ä¶ https://t.co/L3GkDJwnGL"
0.2486,2018-06-28 13:31:07+00:00,0.121,0.707,0.172,@nytimes,"For Republicans, the timing of Justice Kennedy's retirement couldn't be better: A conservative nominee could energi‚Ä¶ https://t.co/qdx3FFDwXe"
0.0,2018-06-28 13:20:10+00:00,0.0,1.0,0.0,@nytimes,Facebook said it would halt its internet drone project. A plant in western England where the planes were being manu‚Ä¶ https://t.co/DU3v4agdhM
0.0,2018-06-28 13:10:03+00:00,0.0,1.0,0.0,@nytimes,Soccer is full of African players at the highest level. But there are just 2 African coaches at the World Cup: Sene‚Ä¶ https://t.co/BHQT5nmyKQ
0.4767,2018-06-28 13:02:00+00:00,0.0,0.871,0.129,@nytimes,"Ashley Judd was the first actress to go on the record about Harvey Weinstein.

""I trusted that things would fall in‚Ä¶ https://t.co/E2bBRI4UUb"
0.0,2018-06-28 13:00:15+00:00,0.0,1.0,0.0,@nytimes,Morning¬†Briefing: Here's what you need to know to start your day https://t.co/ZaAKBWMWfG https://t.co/kVzZTLLGTa
0.0258,2018-06-28 13:00:07+00:00,0.0,0.942,0.058,@nytimes,Officials are considering drilling through the mountaintop to reach the boys and their coach who have been trapped‚Ä¶ https://t.co/TV6om0EKbA
0.0,2018-06-28 12:40:52+00:00,0.0,1.0,0.0,@nytimes,"Breaking News: President Trump will hold one-on-one talks with President Vladimir Putin in Helsinki on July 16, the‚Ä¶ https://t.co/2seUKRiXWS"
0.0,2018-06-28 12:30:08+00:00,0.0,1.0,0.0,@nytimes,"Chobani, the Greek yogurt maker with progressive workplace policies and a large refugee workforce, has a major new‚Ä¶ https://t.co/bCKLCCa1X1"
0.25,2018-06-28 12:15:07+00:00,0.095,0.714,0.19,@nytimes,White supremacist groups are increasingly using propaganda like fliers and posters to spread bigoted messages on co‚Ä¶ https://t.co/ZP9NOxhMif
0.5574,2018-06-28 12:10:04+00:00,0.0,0.825,0.175,@nytimes,"Your daily @DealBook Briefing:

‚Ä¢ Corporate America is getting the Supreme Court it wants.¬†

‚Ä¢ How Trump is trying‚Ä¶ https://t.co/FxCC8LNAx5"
0.0,2018-06-28 12:08:04+00:00,0.0,1.0,0.0,@nytimes,Video: Anthony Kennedy's legacy https://t.co/aNa4yGsTIG
0.0,2018-06-28 11:44:05+00:00,0.0,1.0,0.0,@nytimes,They said #MeToo. Now they're telling us what happened next. https://t.co/D8p5Jl6G2k
0.807,2018-06-28 11:31:09+00:00,0.0,0.759,0.241,@nytimes,"""I'm very honored that he chose to do it during my term in office because he felt confident for me to make the righ‚Ä¶ https://t.co/Cw9j1e7JgL"
0.34,2018-06-28 11:23:40+00:00,0.0,0.882,0.118,@nytimes,18 women and 2 men told us what they experienced after they shared their harrowing stories. Here‚Äôs how saying‚Ä¶ https://t.co/HwjAeUaLL1
-0.1779,2018-06-28 11:21:04+00:00,0.096,0.904,0.0,@nytimes,"A video shows Elaine Chao defending Mitch McConnell, her husband, as students confront them on Georgetown Universit‚Ä¶ https://t.co/C8o9nxWl3Z"
0.7906,2018-06-28 11:11:06+00:00,0.0,0.682,0.318,@nytimes,Justice Anthony Kennedy has often been considered the Supreme Court's ideological center. His retirement could fund‚Ä¶ https://t.co/tEvfHFKo4z
-0.4215,2018-06-28 11:00:03+00:00,0.118,0.882,0.0,@nytimes,A Kansas City immigration lawyer said she broke her foot after being pushed to the ground by an ICE officer. She wa‚Ä¶ https://t.co/y4VEQzwkHi
0.0,2018-06-28 10:49:03+00:00,0.0,1.0,0.0,@nytimes,"""I must take responsibility for this,"" said Joachim L√∂w, the German coach, after his team crashed out of the World‚Ä¶ https://t.co/1SRINc9x29"
0.0,2018-06-28 10:40:05+00:00,0.0,1.0,0.0,@nytimes,"Fans heaved the South Korean consul general onto their shoulders and danced him through the streets. ""Coreano, herm‚Ä¶ https://t.co/WGtqPYDiOK"
0.6369,2018-06-28 10:30:06+00:00,0.0,0.679,0.321,@nytimes,Australia approved sweeping national security legislation that bans foreign interference in politics https://t.co/t2j4d0Mvhe
0.0,2018-06-28 10:14:06+00:00,0.0,1.0,0.0,@nytimes,The Netherlands is the latest European nation to pass a law that directly affects the lives of Muslim women https://t.co/PiiGu2r5Gl
0.0,2018-06-28 10:00:07+00:00,0.0,1.0,0.0,@nytimes,Morning¬†Briefing: Here's what you need to know to start your day https://t.co/8Wv8yNBKcJ https://t.co/z5FajAaMrR
-0.2732,2018-06-28 09:44:04+00:00,0.14,0.86,0.0,@nytimes,"We know what became of the accused men, the alleged perpetrators. But as the #MeToo movement grew, what happened to‚Ä¶ https://t.co/jQaLI7UXAt"
0.6486,2018-06-28 09:30:08+00:00,0.0,0.762,0.238,@nytimes,Justice Kennedy joined both the conservative and liberal blocs of justices to provide a decisive vote in several la‚Ä¶ https://t.co/cWvw3mqzRh
-0.6369,2018-06-28 09:14:05+00:00,0.222,0.726,0.052,@nytimes,It is the paradox of Europe's migration crisis: The actual number of arriving migrants is back to its pre-2015 leve‚Ä¶ https://t.co/wxJwXc4894
0.34,2018-06-28 09:00:06+00:00,0.0,0.876,0.124,@nytimes,A photo showed a security guard standing several feet behind civilians who were apparently trying to seize a man su‚Ä¶ https://t.co/S628l58jPu
0.0,2018-06-28 08:52:40+00:00,0.0,1.0,0.0,@nytimes,"Now China has control of territory just a few hundred miles off the shores of its rival, India, and a strategic foo‚Ä¶ https://t.co/LfWiF1imkO"
0.7579,2018-06-28 08:51:51+00:00,0.0,0.772,0.228,@nytimes,The case is one of the most vivid examples of China‚Äôs ambitious use of loans and aid to gain influence around the w‚Ä¶ https://t.co/m4tE4cY0tK
0.0,2018-06-28 08:50:55+00:00,0.0,1.0,0.0,@nytimes,"Now, a months-long Times investigation shows how China and the companies under its control ensured their interests‚Ä¶ https://t.co/SdhiZg0l8P"
-0.6486,2018-06-28 08:44:03+00:00,0.249,0.751,0.0,@nytimes,"Sri Lanka had struggled to pay its debt to Chinese firms. So in December, it handed over a strategic port and 15,00‚Ä¶ https://t.co/QkijOn6akx"
-0.6705,2018-06-28 08:31:08+00:00,0.176,0.824,0.0,@nytimes,"RT @nytimesworld: In 2017, more than 10,000 children were either killed or maimed worldwide, a new U.N. report on children and armed confli‚Ä¶"
0.4215,2018-06-28 08:15:08+00:00,0.0,0.872,0.128,@nytimes,Joe Jackson molded his sons into the immensely popular Jackson 5 and helped launch his son Michael and his daughter‚Ä¶ https://t.co/pxODRcgKSf
-0.6597,2018-06-28 08:02:03+00:00,0.221,0.779,0.0,@nytimes,"In February, Poland made it illegal to accuse the Polish nation of complicity in the Holocaust. On Wednesday, the n‚Ä¶ https://t.co/fENYYcFXfm"
-0.743,2018-06-28 07:47:25+00:00,0.326,0.674,0.0,@nytimes,Runaway inflation has thrown Venezuela into chaos and made food and medicine desperately scarce‚Ä¶ https://t.co/IrC5zzIVYZ
0.1531,2018-06-28 07:32:01+00:00,0.119,0.738,0.143,@nytimes,The president of South Sudan and his former vice president have signed a peace deal. Many worry that a lasting reso‚Ä¶ https://t.co/SfCGQ40yKG
-0.802,2018-06-28 07:17:02+00:00,0.339,0.661,0.0,@nytimes,It was supposed to be a debate on assigning blame for chemical weapons attacks. Russia turned it into a discussion‚Ä¶ https://t.co/NrzUoMQhlg
0.0,2018-06-28 07:02:01+00:00,0.0,1.0,0.0,@nytimes,"Japan's Hayabusa2 spacecraft has arrived at the Ryugu asteroid, sending back views of its dimpled and rock-strewn s‚Ä¶ https://t.co/iNlfXSkzXp"
0.0,2018-06-28 06:47:53+00:00,0.0,1.0,0.0,@nytimes,Scientists have captured the clearest and most detailed image yet of Zika. The work could contribute to the develop‚Ä¶ https://t.co/yO6d6wYVSb
0.0,2018-06-28 06:31:18+00:00,0.0,1.0,0.0,@nytimes,A guide to some of the biggest blockchain projects outside of Bitcoin https://t.co/5Z19OyPcdR
0.4404,2018-06-28 06:14:25+00:00,0.0,0.868,0.132,@nytimes,"Lindsay Lohan is turning 32 in July. For the first time in her life, she says she feels safe. https://t.co/O32euKaKTp"
